USA/AK-PHL002/2020	Alaska
USA/AK-PHL003/2020	Alaska
USA/AK-PHL006/2020	Alaska
USA/AK-PHL015/2020	Alaska
USA/AK-PHL037/2020	Alaska
USA/AK-PHL077/2020	Alaska
USA/AK-PHL092/2020	Alaska
USA/AK-PHL101/2020	Alaska
USA/AK-PHL115/2020	Alaska
USA/AK-PHL118/2020	Alaska
USA/AZ-ASU2922/2020	Arizona
USA/AZ-ASU2923/2020	Arizona
USA/AZ-ASU2936/2020	Arizona
USA/AZ-TG268002/2020	Arizona
USA/AZ-TG268099/2020	Arizona
USA/AZ-TG268183/2020	Arizona
USA/AZ-TG268188/2020	Arizona
USA/AZ-TG268281/2020	Arizona
USA/AZ-TG268282/2020	Arizona
USA/AZ-TG268289/2020	Arizona
USA/AZ-TG268350/2020	Arizona
USA/AZ-TG268360/2020	Arizona
USA/AZ-TG268417/2020	Arizona
USA/AZ-TG268629/2020	Arizona
USA/AZ-TG268657/2020	Arizona
USA/AZ-TG268770/2020	Arizona
USA/AZ-TG268893/2020	Arizona
USA/AZ-TG268903/2020	Arizona
USA/AZ-TG268905/2020	Arizona
USA/AZ-TG268909/2020	Arizona
USA/AZ-TG268911/2020	Arizona
USA/AZ-TG268913/2020	Arizona
USA/AZ-TG268915/2020	Arizona
USA/AZ-TG268917/2020	Arizona
USA/AZ-TG269027/2020	Arizona
USA/AZ-TG269238/2020	Arizona
USA/AZ-TG269290/2020	Arizona
USA/AZ-TG269358/2020	Arizona
USA/AZ-TG269439/2020	Arizona
USA/AZ-TG269440/2020	Arizona
USA/AZ-TG269824/2020	Arizona
USA/AZ-TG269848/2020	Arizona
USA/AZ-TG269856/2020	Arizona
USA/AZ-TG269863/2020	Arizona
USA/AZ-TG269875/2020	Arizona
USA/AZ-TG269883/2020	Arizona
USA/AZ-TG270152/2020	Arizona
USA/AZ-TG270200/2020	Arizona
USA/AZ-TG271435/2020	Arizona
USA/AZ-TG271578/2020	Arizona
USA/AZ-TG271591/2020	Arizona
USA/AZ-TG271854/2020	Arizona
USA/AZ-TG271856/2020	Arizona
USA/AZ-TG271860/2020	Arizona
USA/AZ-TG271862/2020	Arizona
USA/AZ-TG271864/2020	Arizona
USA/AZ-TG271866/2020	Arizona
USA/AZ-TG271868/2020	Arizona
USA/AZ-TG271870/2020	Arizona
USA/AZ-TG271872/2020	Arizona
USA/AZ-TG271878/2020	Arizona
USA/AZ-TG271880/2020	Arizona
USA/AZ-TG271882/2020	Arizona
USA/AZ-TG271884/2020	Arizona
USA/AZ-TG271886/2020	Arizona
USA/AZ-TG271888/2020	Arizona
USA/AZ-TG271890/2020	Arizona
USA/AZ-TG271892/2020	Arizona
USA/AZ-TG271894/2020	Arizona
USA/AZ-TG271896/2020	Arizona
USA/AZ-TG271898/2020	Arizona
USA/AZ-TG271900/2020	Arizona
USA/AZ-TG271902/2020	Arizona
USA/AZ-TG271922/2020	Arizona
USA/AZ-TG272213/2020	Arizona
USA/AZ-TG272215/2020	Arizona
USA/AZ-TG273280/2020	Arizona
USA/AZ-TG273282/2020	Arizona
USA/AZ-TG273286/2020	Arizona
USA/AZ-TG273294/2020	Arizona
USA/AZ-TG273300/2020	Arizona
USA/AZ-TG273302/2020	Arizona
USA/AZ-TG273304/2020	Arizona
USA/AZ-TG273308/2020	Arizona
USA/AZ-TG273310/2020	Arizona
USA/AZ-TG273314/2020	Arizona
USA/AZ-TG273316/2020	Arizona
USA/AZ-TG273318/2020	Arizona
USA/AZ-WL171/2020	Arizona
USA/AZ1/2020	Arizona
USA/AZ_4811/2020	Arizona
USA/AZ_8132/2020	Arizona
USA/AZ_8135/2020	Arizona
USA/CA-CDPH-UC1/2020	Grand Princess
USA/CA-CDPH-UC10/2020	California
USA/CA-CDPH-UC11/2020	California
USA/CA-CDPH-UC12/2020	California
USA/CA-CDPH-UC18/2020	California
USA/CA-CDPH-UC19/2020	California
USA/CA-CDPH-UC2/2020	California
USA/CA-CDPH-UC20/2020	California
USA/CA-CDPH-UC21/2020	California
USA/CA-CDPH-UC22/2020	California
USA/CA-CDPH-UC23/2020	California
USA/CA-CDPH-UC24/2020	California
USA/CA-CDPH-UC25/2020	California
USA/CA-CDPH-UC26/2020	California
USA/CA-CDPH-UC27/2020	California
USA/CA-CDPH-UC28/2020	California
USA/CA-CDPH-UC3/2020	California
USA/CA-CDPH-UC4/2020	California
USA/CA-CDPH-UC5/2020	Grand Princess
USA/CA-CDPH-UC6/2020	Grand Princess
USA/CA-CDPH-UC7/2020	Grand Princess
USA/CA-CDPH-UC8/2020	Grand Princess
USA/CA-CDPH-UC9/2020	Grand Princess
USA/CA-MG0987/2020	California
USA/CA-PC101P/2020	California
USA/CA-SCCPHD-UC13/2020	California
USA/CA-SCCPHD-UC14/2020	California
USA/CA-SCCPHD-UC15/2020	California
USA/CA-SCCPHD-UC16/2020	California
USA/CA-SCCPHD-UC17/2020	California
USA/CA1/2020	California
USA/CA2/2020	California
USA/CA3/2020	California
USA/CA4/2020	California
USA/CA5/2020	California
USA/CA6/2020	California
USA/CA7/2020	California
USA/CA8/2020	California
USA/CA9/2020	California
USA/CA_2602/2020	California
USA/CT-UW-1365/2020	Connecticut
USA/CT-UW-3845/2020	Connecticut
USA/CT-UW-4238/2020	Connecticut
USA/CT-UW-4244/2020	Connecticut
USA/CT-UW-4251/2020	Connecticut
USA/CT-UW-4341/2020	Connecticut
USA/CT-UW-4344/2020	Connecticut
USA/CT-UW-4346/2020	Connecticut
USA/CT-UW-4347/2020	Connecticut
USA/CT-UW-4366/2020	Connecticut
USA/CT-UW-4372/2020	Connecticut
USA/CT-UW158/2020	Connecticut
USA/CT-UW159/2020	Connecticut
USA/CT-UW213/2020	Connecticut
USA/CT-UW223/2020	Connecticut
USA/CT-UW224/2020	Connecticut
USA/CT-UW238/2020	Connecticut
USA/CT-UW250/2020	Connecticut
USA/CT-UW254/2020	Connecticut
USA/CT-UW256/2020	Connecticut
USA/CT-UW258/2020	Connecticut
USA/CT-UW259/2020	Connecticut
USA/CT-UW260/2020	Connecticut
USA/CT-UW271/2020	Connecticut
USA/CT-UW272/2020	Connecticut
USA/CT-UW273/2020	Connecticut
USA/CT-UW303/2020	Connecticut
USA/CT-UW327/2020	Connecticut
USA/CT-UW328/2020	Connecticut
USA/CT-UW329/2020	Connecticut
USA/CT-UW331/2020	Connecticut
USA/CT-Yale-001/2020	Connecticut
USA/CT-Yale-002/2020	Connecticut
USA/CT-Yale-003/2020	Connecticut
USA/CT-Yale-005/2020	Connecticut
USA/CT-Yale-006/2020	Connecticut
USA/CT-Yale-007/2020	Connecticut
USA/CT-Yale-008/2020	Connecticut
USA/CT-Yale-009/2020	Connecticut
USA/CT-Yale-010/2020	Connecticut
USA/CT-Yale-012/2020	Connecticut
USA/CT-Yale-013/2020	Connecticut
USA/CT-Yale-014/2020	Connecticut
USA/CT-Yale-016/2020	Connecticut
USA/CT-Yale-017/2020	Connecticut
USA/CT-Yale-018/2020	Connecticut
USA/CT-Yale-020/2020	Connecticut
USA/CT-Yale-021/2020	Connecticut
USA/CT-Yale-023/2020	Connecticut
USA/CT-Yale-024/2020	Connecticut
USA/CT-Yale-027/2020	Connecticut
USA/CT-Yale-028/2020	Connecticut
USA/CT-Yale-029/2020	Connecticut
USA/CT-Yale-031/2020	Connecticut
USA/CT-Yale-034/2020	Connecticut
USA/CT-Yale-035/2020	Connecticut
USA/CT-Yale-036/2020	Connecticut
USA/CT-Yale-037/2020	Connecticut
USA/CT-Yale-039/2020	Connecticut
USA/CT-Yale-040/2020	Connecticut
USA/CT-Yale-043/2020	Connecticut
USA/CT-Yale-044/2020	Connecticut
USA/CT-Yale-045/2020	Connecticut
USA/CT-Yale-046/2020	Connecticut
USA/CT-Yale-047/2020	Connecticut
USA/CT-Yale-048/2020	Connecticut
USA/CT_9849/2020	Connecticut
USA/CZB-RR057-005/2020	California
USA/CZB-RR057-006/2020	California
USA/CZB-RR057-007/2020	California
USA/CZB-RR057-011/2020	California
USA/CZB-RR057-013/2020	California
USA/CZB-RR057-014/2020	California
USA/CZB-RR057-015/2020	California
USA/CruiseA-1/2020	Diamond Princess
USA/CruiseA-10/2020	Diamond Princess
USA/CruiseA-11/2020	Diamond Princess
USA/CruiseA-12/2020	Diamond Princess
USA/CruiseA-13/2020	Diamond Princess
USA/CruiseA-14/2020	Diamond Princess
USA/CruiseA-15/2020	Diamond Princess
USA/CruiseA-16/2020	Diamond Princess
USA/CruiseA-17/2020	Diamond Princess
USA/CruiseA-18/2020	Diamond Princess
USA/CruiseA-19/2020	Diamond Princess
USA/CruiseA-2/2020	Diamond Princess
USA/CruiseA-21/2020	Diamond Princess
USA/CruiseA-22/2020	Diamond Princess
USA/CruiseA-23/2020	Diamond Princess
USA/CruiseA-24/2020	Diamond Princess
USA/CruiseA-25/2020	Diamond Princess
USA/CruiseA-26/2020	Diamond Princess
USA/CruiseA-3/2020	Diamond Princess
USA/CruiseA-4/2020	Diamond Princess
USA/CruiseA-5/2020	Diamond Princess
USA/CruiseA-6/2020	Diamond Princess
USA/CruiseA-7/2020	Diamond Princess
USA/CruiseA-8/2020	Diamond Princess
USA/CruiseA-9/2020	Diamond Princess
USA/DC_0004/2020	District of Columbia
USA/FL_1177/2020	Florida
USA/FL_5091/2020	Florida
USA/FL_5125/2020	Florida
USA/FL_6318/2020	Florida
USA/FL_7169/2020	Florida
USA/FL_9590/2020	Florida
USA/FL_9655/2020	Florida
USA/FL_9656/2020	Florida
USA/GA_1299/2020	Georgia
USA/GA_1320/2020	Georgia
USA/GA_1445/2020	Georgia
USA/GA_1621/2020	Georgia
USA/GA_1847/2020	Georgia
USA/GA_2055/2020	Georgia
USA/GA_2070/2020	Georgia
USA/GA_2118/2020	Georgia
USA/GA_2120/2020	Georgia
USA/GA_2147/2020	Georgia
USA/GA_2185/2020	Georgia
USA/GA_2275/2020	Georgia
USA/GA_2343/2020	Georgia
USA/GA_2741/2020	Georgia
USA/GA_2742/2020	Georgia
USA/HI_4970/2020	Hawaii
USA/HI_7881/2020	Hawaii
USA/IA_6390/2020	Iowa
USA/IA_6391/2020	Iowa
USA/IA_6394/2020	Iowa
USA/IA_6395/2020	Iowa
USA/IA_6396/2020	Iowa
USA/IA_6399/2020	Iowa
USA/IA_6401/2020	Iowa
USA/ID-UW-1925/2020	Idaho
USA/ID-UW-1934/2020	Idaho
USA/ID-UW-1935/2020	Idaho
USA/ID-UW-1938/2020	Idaho
USA/ID-UW-1939/2020	Idaho
USA/ID-UW-1957/2020	Idaho
USA/ID-UW-2127/2020	Idaho
USA/ID-UW-2134/2020	Idaho
USA/ID-UW-2159/2020	Idaho
USA/ID-UW-2160/2020	Idaho
USA/ID-UW-2174/2020	Idaho
USA/ID-UW-2198/2020	Idaho
USA/ID-UW-2255/2020	Idaho
USA/ID-UW-3888/2020	Idaho
USA/ID-UW-3892/2020	Idaho
USA/ID-UW-4100/2020	Idaho
USA/ID-UW-4239/2020	Idaho
USA/ID-UW-4266/2020	Idaho
USA/ID-UW-4355/2020	Idaho
USA/ID-UW-4357/2020	Idaho
USA/ID-UW-4375/2020	Idaho
USA/ID-UW-4378/2020	Idaho
USA/ID-UW-4380/2020	Idaho
USA/ID-UW-4396/2020	Idaho
USA/ID-UW-4400/2020	Idaho
USA/ID-UW-4424/2020	Idaho
USA/ID-UW-4427/2020	Idaho
USA/ID-UW-4433/2020	Idaho
USA/ID-UW-4448/2020	Idaho
USA/ID-UW-4461/2020	Idaho
USA/ID-UW-4462/2020	Idaho
USA/ID-UW-4486/2020	Idaho
USA/IL-UW-1265/2020	Illinois
USA/IL-UW-1311/2020	Illinois
USA/IL-UW348/2020	Illinois
USA/IL-UW349/2020	Illinois
USA/IL-UW350/2020	Illinois
USA/IL-UW351/2020	Illinois
USA/IL-UW352/2020	Illinois
USA/IL-UW353/2020	Illinois
USA/IL-UW381/2020	Illinois
USA/IL1/2020	Illinois
USA/IL2/2020	Illinois
USA/IL_0087/2020	Illinois
USA/IL_0089/2020	Illinois
USA/IL_1293/2020	Illinois
USA/IL_1375/2020	Illinois
USA/IN-Lilly-IPB0170-4bc20/2020	Indiana
USA/IN-Lilly-IPB0170-4bc21/2020	Indiana
USA/IN_2001/2020	Indiana
USA/IN_72003/2020	Indiana
USA/IN_82003/2020	Indiana
USA/IN_92003/2020	Indiana
USA/KS_4126/2020	Kansas
USA/LA-096/2020	Louisiana
USA/LA-097/2020	Louisiana
USA/LA_0842/2020	Louisiana
USA/MA1/2020	Massachusetts
USA/MA_0020/2020	Massachusetts
USA/MA_1355/2020	Massachusetts
USA/MA_2652/2020	Massachusetts
USA/MA_3614/2020	Massachusetts
USA/MA_3616/2020	Massachusetts
USA/MA_3623/2020	Massachusetts
USA/MA_3626/2020	Massachusetts
USA/MA_3642/2020	Massachusetts
USA/MA_3653/2020	Massachusetts
USA/MA_3672/2020	Massachusetts
USA/MA_3699/2020	Massachusetts
USA/MA_3878/2020	Massachusetts
USA/MA_4811/2020	Massachusetts
USA/MA_8932/2020	Massachusetts
USA/MA_8933/2020	Massachusetts
USA/MA_9703/2020	Massachusetts
USA/MA_9704/2020	Massachusetts
USA/MA_9889/2020	Massachusetts
USA/MD_0026/2020	Maryland
USA/MD_0027/2020	Maryland
USA/MI-SC2-0001/2020	Michigan
USA/MI-SC2-0002/2020	Michigan
USA/MI-SC2-0003/2020	Michigan
USA/MI-SC2-0004/2020	Michigan
USA/MI-SC2-0005/2020	Michigan
USA/MI-SC2-0006/2020	Michigan
USA/MI-SC2-0007/2020	Michigan
USA/MI-SC2-0008/2020	Michigan
USA/MI-SC2-0009/2020	Michigan
USA/MN-MDH-117/2020	Minnesota
USA/MN-MDH-118/2020	Minnesota
USA/MN-MDH-119/2020	Minnesota
USA/MN-MDH-120/2020	Minnesota
USA/MN-MDH-121/2020	Minnesota
USA/MN-MDH-138/2020	Minnesota
USA/MN-MDH-140/2020	Minnesota
USA/MN-MDH-141/2020	Minnesota
USA/MN-MDH-142/2020	Minnesota
USA/MN-MDH-143/2020	Minnesota
USA/MN-MDH-144/2020	Minnesota
USA/MN-MDH-145/2020	Minnesota
USA/MN-MDH-146/2020	Minnesota
USA/MN-MDH-147/2020	Minnesota
USA/MN-MDH-149/2020	Minnesota
USA/MN-UW243/2020	Minnesota
USA/MN-UW251/2020	Minnesota
USA/MN-UW257/2020	Minnesota
USA/MN-UW264/2020	Minnesota
USA/MN-UW266/2020	Minnesota
USA/MN-UW326/2020	Minnesota
USA/MN-UW334/2020	Minnesota
USA/MN-UW335/2020	Minnesota
USA/MN1-MDH1/2020	Minnesota
USA/MN124-MDH124/2020	Minnesota
USA/MN128-MDH128/2020	Minnesota
USA/MN129-MDH129/2020	Minnesota
USA/MN130-MDH130/2020	Minnesota
USA/MN131-MDH131/2020	Minnesota
USA/MN132-MDH132/2020	Minnesota
USA/MN133-MDH133/2020	Minnesota
USA/MN134-MDH134/2020	Minnesota
USA/MN135-MDH135/2020	Minnesota
USA/MN136-MDH136/2020	Minnesota
USA/MN2-MDH2/2020	Minnesota
USA/MN25-MDH25/2020	Minnesota
USA/MN26-MDH26/2020	Minnesota
USA/MN29-MDH29/2020	Minnesota
USA/MN3-MDH3/2020	Minnesota
USA/MN30-MDH30/2020	Minnesota
USA/MN31-MDH31/2020	Minnesota
USA/MN32-MDH32/2020	Minnesota
USA/MN34-MDH34/2020	Minnesota
USA/MN35-MDH35/2020	Minnesota
USA/MN36-MDH36/2020	Minnesota
USA/MN38-MDH38/2020	Minnesota
USA/MN39-MDH39/2020	Minnesota
USA/MN4-MDH4/2020	Minnesota
USA/MN40-MDH40/2020	Minnesota
USA/MN41-MDH41/2020	Minnesota
USA/MN42-MDH42/2020	Minnesota
USA/MN43-MDH43/2020	Minnesota
USA/MN44-MDH44/2020	Minnesota
USA/MN45-MDH45/2020	Minnesota
USA/MN46-MDH46/2020	Minnesota
USA/MN47-MDH47/2020	Minnesota
USA/MN48-MDH48/2020	Minnesota
USA/MN5-MDH5/2020	Minnesota
USA/MN51-MDH51/2020	Minnesota
USA/MN52-MDH52/2020	Minnesota
USA/MN53-MDH53/2020	Minnesota
USA/MN55-MDH55/2020	Minnesota
USA/MN56-MDH56/2020	Minnesota
USA/MN57-MDH57/2020	Minnesota
USA/MN58-MDH58/2020	Minnesota
USA/MN59-MDH59/2020	Minnesota
USA/MN60-MDH60/2020	Minnesota
USA/MN62-MDH62/2020	Minnesota
USA/MN63-MDH63/2020	Minnesota
USA/MN64-MDH64/2020	Minnesota
USA/MN65-MDH65/2020	Minnesota
USA/MN66-MDH66/2020	Minnesota
USA/MN67-MDH67/2020	Minnesota
USA/MN68-MDH68/2020	Minnesota
USA/MN69-MDH69/2020	Minnesota
USA/MN_0100/2020	Minnesota
USA/MN_0101/2020	Minnesota
USA/MO_4470/2020	Missouri
USA/NC_0024/2020	North Carolina
USA/NC_0025/2020	North Carolina
USA/NC_0031/2020	North Carolina
USA/NC_200173/2020	North Carolina
USA/NC_200181/2020	North Carolina
USA/NC_200189/2020	North Carolina
USA/NC_200191/2020	North Carolina
USA/NC_6999/2020	North Carolina
USA/NE-875/2020	Nebraska
USA/NE-886/2020	Nebraska
USA/NE-892/2020	Nebraska
USA/NE-907/2020	Nebraska
USA/NE-912/2020	Nebraska
USA/NE_6605/2020	Nebraska
USA/NE_7025/2020	Nebraska
USA/NH_0004/2020	New Hampshire
USA/NH_0008/2020	New Hampshire
USA/NH_0029/2020	New Hampshire
USA/NH_0033/2020	New Hampshire
USA/NJ-NYUMC106/2020	New Jersey
USA/NJ-NYUMC111/2020	New Jersey
USA/NJ-NYUMC83/2020	New Jersey
USA/NJ-NYUMC84/2020	New Jersey
USA/NJ-PV09072/2020	New Jersey
USA/NJ_3201/2020	New Jersey
USA/NJ_3592/2020	New Jersey
USA/NV_0016/2020	Nevada
USA/NV_0052/2020	Nevada
USA/NY-NYUMC1/2020	New York
USA/NY-NYUMC10/2020	New York
USA/NY-NYUMC100/2020	New York
USA/NY-NYUMC101/2020	New York
USA/NY-NYUMC102/2020	New York
USA/NY-NYUMC103/2020	New York
USA/NY-NYUMC104/2020	New York
USA/NY-NYUMC105/2020	New York
USA/NY-NYUMC107/2020	New York
USA/NY-NYUMC108/2020	New York
USA/NY-NYUMC109/2020	New York
USA/NY-NYUMC11/2020	New York
USA/NY-NYUMC110/2020	New York
USA/NY-NYUMC112/2020	New York
USA/NY-NYUMC113/2020	New York
USA/NY-NYUMC114/2020	New York
USA/NY-NYUMC115/2020	New York
USA/NY-NYUMC116/2020	New York
USA/NY-NYUMC117/2020	New York
USA/NY-NYUMC118/2020	New York
USA/NY-NYUMC119/2020	New York
USA/NY-NYUMC12/2020	New York
USA/NY-NYUMC120/2020	New York
USA/NY-NYUMC121/2020	New York
USA/NY-NYUMC122/2020	New York
USA/NY-NYUMC123/2020	New York
USA/NY-NYUMC124/2020	New York
USA/NY-NYUMC125/2020	New York
USA/NY-NYUMC126/2020	New York
USA/NY-NYUMC127/2020	New York
USA/NY-NYUMC128/2020	New York
USA/NY-NYUMC129/2020	New York
USA/NY-NYUMC13/2020	New York
USA/NY-NYUMC130/2020	New York
USA/NY-NYUMC131/2020	New York
USA/NY-NYUMC132/2020	New York
USA/NY-NYUMC133/2020	New York
USA/NY-NYUMC134/2020	New York
USA/NY-NYUMC135/2020	New York
USA/NY-NYUMC136/2020	New York
USA/NY-NYUMC137/2020	New York
USA/NY-NYUMC138/2020	New York
USA/NY-NYUMC139/2020	New York
USA/NY-NYUMC14/2020	New York
USA/NY-NYUMC140/2020	New York
USA/NY-NYUMC141/2020	New York
USA/NY-NYUMC142/2020	New York
USA/NY-NYUMC143/2020	New York
USA/NY-NYUMC144/2020	New York
USA/NY-NYUMC145/2020	New York
USA/NY-NYUMC146/2020	New York
USA/NY-NYUMC147/2020	New York
USA/NY-NYUMC148/2020	New York
USA/NY-NYUMC149/2020	New York
USA/NY-NYUMC15/2020	New York
USA/NY-NYUMC150/2020	New York
USA/NY-NYUMC151/2020	New York
USA/NY-NYUMC152/2020	New York
USA/NY-NYUMC153/2020	New York
USA/NY-NYUMC154/2020	New York
USA/NY-NYUMC155/2020	New York
USA/NY-NYUMC156/2020	New York
USA/NY-NYUMC157/2020	New York
USA/NY-NYUMC158/2020	New York
USA/NY-NYUMC159/2020	New York
USA/NY-NYUMC16/2020	New York
USA/NY-NYUMC160/2020	New York
USA/NY-NYUMC161/2020	New York
USA/NY-NYUMC162/2020	New York
USA/NY-NYUMC163/2020	New York
USA/NY-NYUMC164/2020	New York
USA/NY-NYUMC165/2020	New York
USA/NY-NYUMC166/2020	New York
USA/NY-NYUMC167/2020	New York
USA/NY-NYUMC168/2020	New York
USA/NY-NYUMC169/2020	New York
USA/NY-NYUMC17/2020	New York
USA/NY-NYUMC170/2020	New York
USA/NY-NYUMC171/2020	New York
USA/NY-NYUMC172/2020	New York
USA/NY-NYUMC173/2020	New York
USA/NY-NYUMC174/2020	New York
USA/NY-NYUMC175/2020	New York
USA/NY-NYUMC176/2020	New York
USA/NY-NYUMC177/2020	New York
USA/NY-NYUMC178/2020	New York
USA/NY-NYUMC179/2020	New York
USA/NY-NYUMC18/2020	New York
USA/NY-NYUMC180/2020	New York
USA/NY-NYUMC181/2020	New York
USA/NY-NYUMC182/2020	New York
USA/NY-NYUMC183/2020	New York
USA/NY-NYUMC184/2020	New York
USA/NY-NYUMC185/2020	New York
USA/NY-NYUMC186/2020	New York
USA/NY-NYUMC187/2020	New York
USA/NY-NYUMC188/2020	New York
USA/NY-NYUMC189/2020	New York
USA/NY-NYUMC19/2020	New York
USA/NY-NYUMC190/2020	New York
USA/NY-NYUMC191/2020	New York
USA/NY-NYUMC192/2020	New York
USA/NY-NYUMC193/2020	New York
USA/NY-NYUMC194/2020	New York
USA/NY-NYUMC195/2020	New York
USA/NY-NYUMC196/2020	New York
USA/NY-NYUMC197/2020	New York
USA/NY-NYUMC198/2020	New York
USA/NY-NYUMC199/2020	New York
USA/NY-NYUMC2/2020	New York
USA/NY-NYUMC20/2020	New York
USA/NY-NYUMC200/2020	New York
USA/NY-NYUMC201/2020	New York
USA/NY-NYUMC202/2020	New York
USA/NY-NYUMC203/2020	New York
USA/NY-NYUMC204/2020	New York
USA/NY-NYUMC205/2020	New York
USA/NY-NYUMC206/2020	New York
USA/NY-NYUMC207/2020	New York
USA/NY-NYUMC208/2020	New York
USA/NY-NYUMC209/2020	New York
USA/NY-NYUMC21/2020	New York
USA/NY-NYUMC210/2020	New York
USA/NY-NYUMC211/2020	New York
USA/NY-NYUMC212/2020	New York
USA/NY-NYUMC213/2020	New York
USA/NY-NYUMC214/2020	New York
USA/NY-NYUMC215/2020	New York
USA/NY-NYUMC216/2020	New York
USA/NY-NYUMC217/2020	New York
USA/NY-NYUMC218/2020	New York
USA/NY-NYUMC219/2020	New York
USA/NY-NYUMC22/2020	New York
USA/NY-NYUMC220/2020	New York
USA/NY-NYUMC221/2020	New York
USA/NY-NYUMC222/2020	New York
USA/NY-NYUMC223/2020	New York
USA/NY-NYUMC224/2020	New York
USA/NY-NYUMC225/2020	New York
USA/NY-NYUMC226/2020	New York
USA/NY-NYUMC227/2020	New York
USA/NY-NYUMC228/2020	New York
USA/NY-NYUMC229/2020	New York
USA/NY-NYUMC23/2020	New York
USA/NY-NYUMC230/2020	New York
USA/NY-NYUMC231/2020	New York
USA/NY-NYUMC232/2020	New York
USA/NY-NYUMC233/2020	New York
USA/NY-NYUMC234/2020	New York
USA/NY-NYUMC235/2020	New York
USA/NY-NYUMC236/2020	New York
USA/NY-NYUMC237/2020	New York
USA/NY-NYUMC238/2020	New York
USA/NY-NYUMC239/2020	New York
USA/NY-NYUMC24/2020	New York
USA/NY-NYUMC240/2020	New York
USA/NY-NYUMC241/2020	New York
USA/NY-NYUMC242/2020	New York
USA/NY-NYUMC25/2020	New York
USA/NY-NYUMC26/2020	New York
USA/NY-NYUMC27/2020	New York
USA/NY-NYUMC28/2020	New York
USA/NY-NYUMC29/2020	New York
USA/NY-NYUMC3/2020	New York
USA/NY-NYUMC30/2020	New York
USA/NY-NYUMC31/2020	New York
USA/NY-NYUMC32/2020	New York
USA/NY-NYUMC33/2020	New York
USA/NY-NYUMC34/2020	New York
USA/NY-NYUMC35/2020	New York
USA/NY-NYUMC36/2020	New York
USA/NY-NYUMC37/2020	New York
USA/NY-NYUMC38/2020	New York
USA/NY-NYUMC39/2020	New York
USA/NY-NYUMC4/2020	New York
USA/NY-NYUMC40/2020	New York
USA/NY-NYUMC41/2020	New York
USA/NY-NYUMC42/2020	New York
USA/NY-NYUMC43/2020	New York
USA/NY-NYUMC44/2020	New York
USA/NY-NYUMC45/2020	New York
USA/NY-NYUMC46/2020	New York
USA/NY-NYUMC47/2020	New York
USA/NY-NYUMC48/2020	New York
USA/NY-NYUMC49/2020	New York
USA/NY-NYUMC5/2020	New York
USA/NY-NYUMC50/2020	New York
USA/NY-NYUMC51/2020	New York
USA/NY-NYUMC52/2020	New York
USA/NY-NYUMC53/2020	New York
USA/NY-NYUMC54/2020	New York
USA/NY-NYUMC55/2020	New York
USA/NY-NYUMC56/2020	New York
USA/NY-NYUMC57/2020	New York
USA/NY-NYUMC58/2020	New York
USA/NY-NYUMC59/2020	New York
USA/NY-NYUMC6/2020	New York
USA/NY-NYUMC60/2020	New York
USA/NY-NYUMC61/2020	New York
USA/NY-NYUMC62/2020	New York
USA/NY-NYUMC63/2020	New York
USA/NY-NYUMC64/2020	New York
USA/NY-NYUMC65/2020	New York
USA/NY-NYUMC66/2020	New York
USA/NY-NYUMC67/2020	New York
USA/NY-NYUMC68/2020	New York
USA/NY-NYUMC69/2020	New York
USA/NY-NYUMC7/2020	New York
USA/NY-NYUMC70/2020	New York
USA/NY-NYUMC71/2020	New York
USA/NY-NYUMC72/2020	New York
USA/NY-NYUMC73/2020	New York
USA/NY-NYUMC74/2020	New York
USA/NY-NYUMC75/2020	New York
USA/NY-NYUMC76/2020	New York
USA/NY-NYUMC77/2020	New York
USA/NY-NYUMC78/2020	New York
USA/NY-NYUMC79/2020	New York
USA/NY-NYUMC8/2020	New York
USA/NY-NYUMC80/2020	New York
USA/NY-NYUMC81/2020	New York
USA/NY-NYUMC82/2020	New York
USA/NY-NYUMC85/2020	New York
USA/NY-NYUMC86/2020	New York
USA/NY-NYUMC87/2020	New York
USA/NY-NYUMC88/2020	New York
USA/NY-NYUMC89/2020	New York
USA/NY-NYUMC9/2020	New York
USA/NY-NYUMC90/2020	New York
USA/NY-NYUMC91/2020	New York
USA/NY-NYUMC92/2020	New York
USA/NY-NYUMC93/2020	New York
USA/NY-NYUMC94/2020	New York
USA/NY-NYUMC95/2020	New York
USA/NY-NYUMC96/2020	New York
USA/NY-NYUMC97/2020	New York
USA/NY-NYUMC98/2020	New York
USA/NY-NYUMC99/2020	New York
USA/NY-PV08109/2020	New York
USA/NY-PV08120/2020	New York
USA/NY-PV08121/2020	New York
USA/NY-PV08122/2020	New York
USA/NY-PV08123/2020	New York
USA/NY-PV08124/2020	New York
USA/NY-PV08125/2020	New York
USA/NY-PV08127/2020	New York
USA/NY-PV08133/2020	New York
USA/NY-PV08135/2020	New York
USA/NY-PV08136/2020	New York
USA/NY-PV08137/2020	New York
USA/NY-PV08138/2020	New York
USA/NY-PV08139/2020	New York
USA/NY-PV08140/2020	New York
USA/NY-PV08143/2020	New York
USA/NY-PV08146/2020	New York
USA/NY-PV08148/2020	New York
USA/NY-PV08149/2020	New York
USA/NY-PV08150/2020	New York
USA/NY-PV08400/2020	New York
USA/NY-PV08401/2020	New York
USA/NY-PV08402/2020	New York
USA/NY-PV08403/2020	New York
USA/NY-PV08404/2020	New York
USA/NY-PV08405/2020	New York
USA/NY-PV08410/2020	New York
USA/NY-PV08412/2020	New York
USA/NY-PV08413/2020	New York
USA/NY-PV08414/2020	New York
USA/NY-PV08415/2020	New York
USA/NY-PV08416/2020	New York
USA/NY-PV08417/2020	New York
USA/NY-PV08419/2020	New York
USA/NY-PV08420/2020	New York
USA/NY-PV08425/2020	New York
USA/NY-PV08426/2020	New York
USA/NY-PV08427/2020	New York
USA/NY-PV08428/2020	New York
USA/NY-PV08429/2020	New York
USA/NY-PV08432/2020	New York
USA/NY-PV08434/2020	New York
USA/NY-PV08435/2020	New York
USA/NY-PV08436/2020	New York
USA/NY-PV08438/2020	New York
USA/NY-PV08441/2020	New York
USA/NY-PV08443/2020	New York
USA/NY-PV08444/2020	New York
USA/NY-PV08445/2020	New York
USA/NY-PV08446/2020	New York
USA/NY-PV08447/2020	New York
USA/NY-PV08448/2020	New York
USA/NY-PV08449/2020	New York
USA/NY-PV08450/2020	New York
USA/NY-PV08452/2020	New York
USA/NY-PV08453/2020	New York
USA/NY-PV08455/2020	New York
USA/NY-PV08456/2020	New York
USA/NY-PV08459/2020	New York
USA/NY-PV08461/2020	New York
USA/NY-PV08462/2020	New York
USA/NY-PV08463/2020	New York
USA/NY-PV08464/2020	New York
USA/NY-PV08466/2020	New York
USA/NY-PV08468/2020	New York
USA/NY-PV08469/2020	New York
USA/NY-PV08471/2020	New York
USA/NY-PV08472/2020	New York
USA/NY-PV08473/2020	New York
USA/NY-PV08474/2020	New York
USA/NY-PV08476/2020	New York
USA/NY-PV08477/2020	New York
USA/NY-PV08478/2020	New York
USA/NY-PV08481/2020	New York
USA/NY-PV08485/2020	New York
USA/NY-PV08486/2020	New York
USA/NY-PV08487/2020	New York
USA/NY-PV08489/2020	New York
USA/NY-PV08490/2020	New York
USA/NY-PV08491/2020	New York
USA/NY-PV08492/2020	New York
USA/NY-PV08493/2020	New York
USA/NY-PV08494/2020	New York
USA/NY-PV08495/2020	New York
USA/NY-PV08496/2020	New York
USA/NY-PV08498/2020	New York
USA/NY-PV08500/2020	New York
USA/NY-PV09000/2020	New York
USA/NY-PV09006/2020	New York
USA/NY-PV09019/2020	New York
USA/NY-PV09020/2020	New York
USA/NY-PV09021/2020	New York
USA/NY-PV09023/2020	New York
USA/NY-PV09025/2020	New York
USA/NY-PV09028/2020	New York
USA/NY-PV09029/2020	New York
USA/NY-PV09030/2020	New York
USA/NY-PV09032/2020	New York
USA/NY-PV09037/2020	New York
USA/NY-PV09039/2020	New York
USA/NY-PV09041/2020	New York
USA/NY-PV09043/2020	New York
USA/NY-PV09044/2020	New York
USA/NY-PV09045/2020	New York
USA/NY-PV09046/2020	New York
USA/NY-PV09047/2020	New York
USA/NY-PV09050/2020	New York
USA/NY-PV09056/2020	New York
USA/NY-PV09057/2020	New York
USA/NY-PV09060/2020	New York
USA/NY-PV09061/2020	New York
USA/NY-PV09063/2020	New York
USA/NY-PV09064/2020	New York
USA/NY-PV09067/2020	New York
USA/NY-PV09068/2020	New York
USA/NY-PV09069/2020	New York
USA/NY-PV09071/2020	New York
USA/NY-PV09073/2020	New York
USA/NY-PV09075/2020	New York
USA/NY-PV09076/2020	New York
USA/NY-PV09077/2020	New York
USA/NY-PV09079/2020	New York
USA/NY-PV09080/2020	New York
USA/NY-PV09083/2020	New York
USA/NY-PV09087/2020	New York
USA/NY-PV09088/2020	New York
USA/NY-PV09090/2020	New York
USA/NY-PV09092/2020	New York
USA/NY-PV09097/2020	New York
USA/NY-PV09098/2020	New York
USA/NY-PV09099/2020	New York
USA/NY-PV09102/2020	New York
USA/NY-PV09103/2020	New York
USA/NY-PV09115/2020	New York
USA/NY-PV09116/2020	New York
USA/NY-PV09118/2020	New York
USA/NY-PV09119/2020	New York
USA/NY-PV09120/2020	New York
USA/NY-PV09121/2020	New York
USA/NY-PV09122/2020	New York
USA/NY-PV09123/2020	New York
USA/NY-PV09125/2020	New York
USA/NY-PV09126/2020	New York
USA/NY-PV09127/2020	New York
USA/NY-PV09128/2020	New York
USA/NY-PV09129/2020	New York
USA/NY-PV09130/2020	New York
USA/NY-PV09132/2020	New York
USA/NY-PV09134/2020	New York
USA/NY-PV09135/2020	New York
USA/NY-PV09137/2020	New York
USA/NY-PV09138/2020	New York
USA/NY-PV09139/2020	New York
USA/NY-PV09140/2020	New York
USA/NY-PV09141/2020	New York
USA/NY-PV09142/2020	New York
USA/NY-PV09143/2020	New York
USA/NY-PV09144/2020	New York
USA/NY-PV09145/2020	New York
USA/NY-PV09147/2020	New York
USA/NY-PV09149/2020	New York
USA/NY-PV09151/2020	New York
USA/NY-PV09152/2020	New York
USA/NY-PV09153/2020	New York
USA/NY-PV09154/2020	New York
USA/NY-PV09156/2020	New York
USA/NY-PV09157/2020	New York
USA/NY-PV09158/2020	New York
USA/NY-PV09161/2020	New York
USA/NY-PV09163/2020	New York
USA/NY-PV09164/2020	New York
USA/NY-PV09165/2020	New York
USA/NY-PV09168/2020	New York
USA/NY-PV09169/2020	New York
USA/NY-PV09170/2020	New York
USA/NY-PV09171/2020	New York
USA/NY-PV09172/2020	New York
USA/NY-PV09176/2020	New York
USA/NY-PV09177/2020	New York
USA/NY-PV09178/2020	New York
USA/NY-PV09179/2020	New York
USA/NY-PV09180/2020	New York
USA/NY-PV09181/2020	New York
USA/NY-PV09182/2020	New York
USA/NY-PV09183/2020	New York
USA/NY-PV09186/2020	New York
USA/NY-PV09187/2020	New York
USA/NY-PV09188/2020	New York
USA/NY-PV09189/2020	New York
USA/NY-PV09190/2020	New York
USA/NY-PV09192/2020	New York
USA/NY-PV09193/2020	New York
USA/NY-PV09194/2020	New York
USA/NY-PV09195/2020	New York
USA/NY-PV09197/2020	New York
USA/NY-PV09198/2020	New York
USA/NY-PV09199/2020	New York
USA/NY-PV09200/2020	New York
USA/NY-PV09301/2020	New York
USA/NY-PV09303/2020	New York
USA/NY-PV09304/2020	New York
USA/NY-PV09305/2020	New York
USA/NY-PV09307/2020	New York
USA/NY-PV09308/2020	New York
USA/NY-PV09309/2020	New York
USA/NY-WCMP10A02P/2020	New York
USA/NY-WCMP10A05P/2020	New York
USA/NY-WCMP10A06P/2020	New York
USA/NY-WCMP10A12P/2020	New York
USA/NY-WCMP10B03P/2020	New York
USA/NY-WCMP10B07N/2020	New York
USA/NY-WCMP10B08P/2020	New York
USA/NY-WCMP10B11P/2020	New York
USA/NY-WCMP10B12P/2020	New York
USA/NY-WCMP10C03P/2020	New York
USA/NY-WCMP10C04P/2020	New York
USA/NY-WCMP10C09P/2020	New York
USA/NY-WCMP10C11P/2020	New York
USA/NY-WCMP10D06P/2020	New York
USA/NY-WCMP10D09P/2020	New York
USA/NY-WCMP10D11P/2020	New York
USA/NY-WCMP10E02P/2020	New York
USA/NY-WCMP10E06P/2020	New York
USA/NY-WCMP10E07P/2020	New York
USA/NY-WCMP10F04P/2020	New York
USA/NY-WCMP10F06P/2020	New York
USA/NY-WCMP10F09P/2020	New York
USA/NY-WCMP10F10P/2020	New York
USA/NY-WCMP10G05P/2020	New York
USA/NY-WCMP10G06P/2020	New York
USA/NY-WCMP10G10P/2020	New York
USA/NY-WCMP10G11P/2020	New York
USA/NY-WCMP10H01P/2020	New York
USA/NY-WCMP10H04P/2020	New York
USA/NY-WCMP10H08P/2020	New York
USA/NY-WCMP11A03P/2020	New York
USA/NY-WCMP11A06P/2020	New York
USA/NY-WCMP11B03P/2020	New York
USA/NY-WCMP11B04P/2020	New York
USA/NY-WCMP11B07P/2020	New York
USA/NY-WCMP11C03P/2020	New York
USA/NY-WCMP11C04P/2020	New York
USA/NY-WCMP11C05P/2020	New York
USA/NY-WCMP11D01N/2020	New York
USA/NY-WCMP11E04P/2020	New York
USA/NY-WCMP11E05P/2020	New York
USA/NY-WCMP11E09P/2020	New York
USA/NY-WCMP11F04P/2020	New York
USA/NY-WCMP11F06P/2020	New York
USA/NY-WCMP11F07P/2020	New York
USA/NY-WCMP11H06P/2020	New York
USA/NY-WCMP12B04P/2020	New York
USA/NY-WCMP12C01P/2020	New York
USA/NY-WCMP12C04P/2020	New York
USA/NY-WCMP12C09P/2020	New York
USA/NY-WCMP12D02P/2020	New York
USA/NY-WCMP12D08P/2020	New York
USA/NY-WCMP12D09P/2020	New York
USA/NY-WCMP12E01P/2020	New York
USA/NY-WCMP12E06P/2020	New York
USA/NY-WCMP12E09P/2020	New York
USA/NY-WCMP12F01P/2020	New York
USA/NY-WCMP12F02P/2020	New York
USA/NY-WCMP12F03P/2020	New York
USA/NY-WCMP12F07P/2020	New York
USA/NY-WCMP12G01P/2020	New York
USA/NY-WCMP12G02P/2020	New York
USA/NY-WCMP12G03P/2020	New York
USA/NY-WCMP12G06P/2020	New York
USA/NY-WCMP12G08P/2020	New York
USA/NY-WCMP12H01P/2020	New York
USA/NY-WCMP2C03P/2020	New York
USA/NY-WCMP2D02P/2020	New York
USA/NY-WCMP2D04P/2020	New York
USA/NY-WCMP2H03P/2020	New York
USA/NY-WCMP3E02P/2020	New York
USA/NY-WCMP4A02N/2020	New York
USA/NY-WCMP4B06P/2020	New York
USA/NY-WCMP4C01P/2020	New York
USA/NY-WCMP4C02N/2020	New York
USA/NY-WCMP4D01P/2020	New York
USA/NY-WCMP4D04P/2020	New York
USA/NY-WCMP4E05P/2020	New York
USA/NY-WCMP4G04P/2020	New York
USA/NY-WCMP4H03P/2020	New York
USA/NY-WCMP5F01P/2020	New York
USA/NY-WCMP5G03P/2020	New York
USA/NY-WCMP5H02P/2020	New York
USA/NY-WCMP5H03P/2020	New York
USA/NY-WCMP9A05P/2020	New York
USA/NY-WCMP9A08P/2020	New York
USA/NY-WCMP9B05P/2020	New York
USA/NY-WCMP9B06P/2020	New York
USA/NY-WCMP9B08P/2020	New York
USA/NY-WCMP9B09P/2020	New York
USA/NY-WCMP9D03P/2020	New York
USA/NY-WCMP9E04P/2020	New York
USA/NY-WCMP9G04P/2020	New York
USA/NY-Wadsworth-10495-01/2020	New York
USA/NY-Wadsworth-10496-01/2020	New York
USA/NY-Wadsworth-10528-01/2020	New York
USA/NY-Wadsworth-10683-01/2020	New York
USA/NY-Wadsworth-10690-01/2020	New York
USA/NY-Wadsworth-10695-01/2020	New York
USA/NY-Wadsworth-10703-01/2020	New York
USA/NY-Wadsworth-10704-01/2020	New York
USA/NY-Wadsworth-10707-01/2020	New York
USA/NY-Wadsworth-10935-01/2020	New York
USA/NY-Wadsworth-10955-01/2020	New York
USA/NY-Wadsworth-10957-02/2020	New York
USA/NY-Wadsworth-10958-01/2020	New York
USA/NY-Wadsworth-10999-01/2020	New York
USA/NY-Wadsworth-11000-01/2020	New York
USA/NY-Wadsworth-11003-01/2020	New York
USA/NY-Wadsworth-11017-01/2020	New York
USA/NY-Wadsworth-11180-01/2020	New York
USA/NY-Wadsworth-11190-01/2020	New York
USA/NY-Wadsworth-11191-01/2020	New York
USA/NY-Wadsworth-11202-01/2020	New York
USA/NY-Wadsworth-11207-01/2020	New York
USA/NY-Wadsworth-11245-01/2020	New York
USA/NY-Wadsworth-11249-01/2020	New York
USA/NY-Wadsworth-11284-01/2020	New York
USA/NY-Wadsworth-11291-01/2020	New York
USA/NY-Wadsworth-11330-01/2020	New York
USA/NY-Wadsworth-11344-01/2020	New York
USA/NY-Wadsworth-11353-01/2020	New York
USA/NY-Wadsworth-11354-01/2020	New York
USA/NY-Wadsworth-11379-01/2020	New York
USA/NY-Wadsworth-11380-01/2020	New York
USA/NY-Wadsworth-11666-01/2020	New York
USA/NY-Wadsworth-11717-01/2020	New York
USA/NY-Wadsworth-11735-01/2020	New York
USA/NY-Wadsworth-11736-02/2020	New York
USA/NY-Wadsworth-12883-02/2020	New York
USA/NY-Wadsworth-13468-02/2020	New York
USA/NY-Wadsworth-14726-02/2020	New York
USA/NY-Wadsworth-15616-01/2020	New York
USA/NY-Wadsworth-16004-01/2020	New York
USA/NY-Wadsworth-16080-01/2020	New York
USA/NY-Wadsworth-16166-01/2020	New York
USA/NY-Wadsworth-16480-01/2020	New York
USA/NY-Wadsworth-16766-01/2020	New York
USA/NY-Wadsworth-16833-01/2020	New York
USA/NY-Wadsworth-22503-01/2020	New York
USA/NY-Wadsworth-22874-01/2020	New York
USA/NY-Wadsworth-25860-01/2020	New York
USA/NY-Wadsworth-26088-01/2020	New York
USA/NY-Wadsworth-26551-01/2020	New York
USA/NY-Wadsworth-26856-01/2020	New York
USA/NY-Wadsworth-27073-01/2020	New York
USA/NY-Wadsworth-27162-01/2020	New York
USA/NY-Wadsworth-27804-01/2020	New York
USA/NY-Wadsworth-29275-01/2020	New York
USA/NY-Wadsworth-30164-01/2020	New York
USA/NY-Wadsworth-30246-01/2020	New York
USA/NY-Wadsworth-30878-01/2020	New York
USA/NY-Wadsworth-31302-01/2020	New York
USA/NY-Wadsworth-31364-01/2020	New York
USA/NY-Wadsworth-31488-01/2020	New York
USA/NY-Wadsworth-31617-01/2020	New York
USA/NY-Wadsworth-31930-01/2020	New York
USA/NY-Wadsworth-32104-01/2020	New York
USA/NY-Wadsworth-32851-01/2020	New York
USA/NY-Yale-022/2020	New York
USA/NY-Yale-025/2020	New York
USA/NY-Yale-026/2020	New York
USA/NY-Yale-030/2020	New York
USA/NY1-PV08001/2020	New York
USA/NY2-PV08100/2020	New York
USA/NY_1922/2020	New York
USA/NY_2929/2020	New York
USA/OH-OSUP0014/2020	Ohio
USA/OH-OSUP0016/2020	Ohio
USA/OH-OSUP0017/2020	Ohio
USA/OH-OSUP0109/2020	Ohio
USA/OH-OSUP0112/2020	Ohio
USA/OH_0019/2020	Ohio
USA/OH_0020/2020	Ohio
USA/OH_0023/2020	Ohio
USA/OR-UW-1849/2020	Oregon
USA/OR-UW-1851/2020	Oregon
USA/OR-UW-1885/2020	Oregon
USA/OR-UW-1887/2020	Oregon
USA/OR-UW-1937/2020	Oregon
USA/OR-UW-4300/2020	Oregon
USA/OR-UW-4388/2020	Oregon
USA/OR-UW135/2020	Oregon
USA/OR_2656/2020	Oregon
USA/OR_5430/2020	Oregon
USA/PA_1802/2020	Pennsylvania
USA/PA_1881/2020	Pennsylvania
USA/PA_2317/2020	Pennsylvania
USA/PA_2734/2020	Pennsylvania
USA/PA_2735/2020	Pennsylvania
USA/PA_2887/2020	Pennsylvania
USA/PA_2937/2020	Pennsylvania
USA/PA_4395/2020	Pennsylvania
USA/PA_4405/2020	Pennsylvania
USA/RI_0520/2020	Rhode Island
USA/RI_0556/2020	Rhode Island
USA/RI_0702/2020	Rhode Island
USA/RI_0882/2020	Rhode Island
USA/SC_3520/2020	South Carolina
USA/SC_3569/2020	South Carolina
USA/SC_3570/2020	South Carolina
USA/SC_3571/2020	South Carolina
USA/SC_3572/2020	South Carolina
USA/SC_3575/2020	South Carolina
USA/SC_6370/2020	South Carolina
USA/TX1/2020	Texas
USA/TX_2020/2020	Texas
USA/TX_2039/2020	Texas
USA/TX_2817/2020	Texas
USA/TX_2967/2020	Texas
USA/UPHL-01/2020	Utah
USA/UPHL-03/2020	Utah
USA/UPHL-04/2020	Utah
USA/UPHL-05/2020	Utah
USA/UPHL-06/2020	Utah
USA/UT-00008/2020	Utah
USA/UT-00009/2020	Utah
USA/UT-00010/2020	Utah
USA/UT-00011/2020	Utah
USA/UT-00012/2020	Utah
USA/UT-00014/2020	Utah
USA/UT-00016/2020	Utah
USA/UT-00018/2020	Utah
USA/UT-00019/2020	Utah
USA/UT-00020/2020	Utah
USA/UT-00021/2020	Utah
USA/UT-00022/2020	Utah
USA/UT-00023/2020	Utah
USA/UT-00024/2020	Utah
USA/UT-00025/2020	Utah
USA/UT-00027/2020	Utah
USA/UT-00028/2020	Utah
USA/UT-00031/2020	Utah
USA/UT-00032/2020	Utah
USA/UT-00033/2020	Utah
USA/UT-00034/2020	Utah
USA/UT-00035/2020	Utah
USA/UT-00055/2020	Utah
USA/UT-00089/2020	Utah
USA/UT-00090/2020	Utah
USA/UT-00139/2020	Utah
USA/UT-00159/2020	Utah
USA/UT-00284/2020	Utah
USA/UT-00287/2020	Utah
USA/UT-00288/2020	Utah
USA/UT-00289/2020	Utah
USA/UT-00290/2020	Utah
USA/UT-00291/2020	Utah
USA/UT-00297/2020	Utah
USA/UT-00300/2020	Utah
USA/UT-00301/2020	Utah
USA/UT-00303/2020	Utah
USA/UT-00342/2020	Utah
USA/UT-00344/2020	Utah
USA/UT-00345/2020	Utah
USA/UT-00346/2020	Utah
USA/UT-00347/2020	Utah
USA/UT-00348/2020	Utah
USA/UT-00349/2020	Utah
USA/UT-00350/2020	Utah
USA/UT-00352/2020	Utah
USA/UT-00361/2020	Utah
USA/UT-00364/2020	Utah
USA/UT_8199/2020	Utah
USA/UT_8906/2020	Utah
USA/VA-DCLS-0001/2020	Virginia
USA/VA-DCLS-0002/2020	Virginia
USA/VA-DCLS-0003/2020	Virginia
USA/VA-DCLS-0004/2020	Virginia
USA/VA-DCLS-0005/2020	Virginia
USA/VA-DCLS-0006/2020	Virginia
USA/VA-DCLS-0007/2020	Virginia
USA/VA-DCLS-0008/2020	Virginia
USA/VA-DCLS-0009/2020	Virginia
USA/VA-DCLS-0010/2020	Virginia
USA/VA-DCLS-0011/2020	Virginia
USA/VA-DCLS-0012/2020	Virginia
USA/VA-DCLS-0014/2020	Virginia
USA/VA-DCLS-0016/2020	Virginia
USA/VA-DCLS-0017/2020	Virginia
USA/VA-DCLS-0018/2020	Virginia
USA/VA-DCLS-0019/2020	Virginia
USA/VA-DCLS-0020/2020	Virginia
USA/VA-DCLS-0021/2020	Virginia
USA/VA-DCLS-0024/2020	Virginia
USA/VA-DCLS-0031/2020	Virginia
USA/VA-DCLS-0033/2020	Virginia
USA/VA-DCLS-0034/2020	Virginia
USA/VA-DCLS-0036/2020	Virginia
USA/VA-DCLS-0038/2020	Virginia
USA/VA-DCLS-0039/2020	Virginia
USA/VA-DCLS-0040/2020	Virginia
USA/VA-DCLS-0041/2020	Virginia
USA/VA-DCLS-0042/2020	Virginia
USA/VA-DCLS-0043/2020	Virginia
USA/VA-DCLS-0044/2020	Virginia
USA/VA-DCLS-0045/2020	Virginia
USA/VA-DCLS-0046/2020	Virginia
USA/VA-DCLS-0047/2020	Virginia
USA/VA-DCLS-0048/2020	Virginia
USA/VA-DCLS-0049/2020	Virginia
USA/VA-DCLS-0050/2020	Virginia
USA/VA-DCLS-0051/2020	Virginia
USA/VA-DCLS-0052/2020	Virginia
USA/VA-DCLS-0053/2020	Virginia
USA/VA-DCLS-0054/2020	Virginia
USA/VA-DCLS-0055/2020	Virginia
USA/VA-DCLS-0056/2020	Virginia
USA/VA-DCLS-0057/2020	Virginia
USA/VA-DCLS-0058/2020	Virginia
USA/VA-DCLS-0059/2020	Virginia
USA/VA-DCLS-0060/2020	Virginia
USA/VA-DCLS-0061/2020	Virginia
USA/VA-DCLS-0063/2020	Virginia
USA/VA-DCLS-0064/2020	Virginia
USA/VA-DCLS-0065/2020	Virginia
USA/VA-DCLS-0066/2020	Virginia
USA/VA-DCLS-0067/2020	Virginia
USA/VA-DCLS-0068/2020	Virginia
USA/VA_6171/2020	Virginia
USA/VA_6352/2020	Virginia
USA/VA_6377/2020	Virginia
USA/VA_6382/2020	Virginia
USA/VA_6389/2020	Virginia
USA/WA-NH10/2020	Washington
USA/WA-NH11/2020	Washington
USA/WA-NH12/2020	Washington
USA/WA-NH13/2020	Washington
USA/WA-NH14/2020	Washington
USA/WA-NH17/2020	Washington
USA/WA-NH18/2020	Washington
USA/WA-NH19/2020	Washington
USA/WA-NH2/2020	Washington
USA/WA-NH20/2020	Washington
USA/WA-NH21/2020	Washington
USA/WA-NH22/2020	Washington
USA/WA-NH23/2020	Washington
USA/WA-NH24/2020	Washington
USA/WA-NH3/2020	Washington
USA/WA-NH4/2020	Washington
USA/WA-NH5/2020	Washington
USA/WA-NH6/2020	Washington
USA/WA-NH7/2020	Washington
USA/WA-NH8/2020	Washington
USA/WA-NH9/2020	Washington
USA/WA-S10/2020	Washington
USA/WA-S100/2020	Washington
USA/WA-S101/2020	Washington
USA/WA-S102/2020	Washington
USA/WA-S103/2020	Washington
USA/WA-S104/2020	Washington
USA/WA-S105/2020	Washington
USA/WA-S106/2020	Washington
USA/WA-S107/2020	Washington
USA/WA-S108/2020	Washington
USA/WA-S109/2020	Washington
USA/WA-S11/2020	Washington
USA/WA-S110/2020	Washington
USA/WA-S111/2020	Washington
USA/WA-S112/2020	Washington
USA/WA-S113/2020	Washington
USA/WA-S114/2020	Washington
USA/WA-S115/2020	Washington
USA/WA-S116/2020	Washington
USA/WA-S117/2020	Washington
USA/WA-S118/2020	Washington
USA/WA-S119/2020	Washington
USA/WA-S12/2020	Washington
USA/WA-S120/2020	Washington
USA/WA-S121/2020	Washington
USA/WA-S122/2020	Washington
USA/WA-S13/2020	Washington
USA/WA-S14/2020	Washington
USA/WA-S15/2020	Washington
USA/WA-S16/2020	Washington
USA/WA-S17/2020	Washington
USA/WA-S18/2020	Washington
USA/WA-S19/2020	Washington
USA/WA-S2/2020	Washington
USA/WA-S20/2020	Washington
USA/WA-S21/2020	Washington
USA/WA-S22/2020	Washington
USA/WA-S23/2020	Washington
USA/WA-S24/2020	Washington
USA/WA-S25/2020	Washington
USA/WA-S26/2020	Washington
USA/WA-S27/2020	Washington
USA/WA-S28/2020	Washington
USA/WA-S29/2020	Washington
USA/WA-S3/2020	Washington
USA/WA-S30/2020	Washington
USA/WA-S31/2020	Washington
USA/WA-S32/2020	Washington
USA/WA-S33/2020	Washington
USA/WA-S34/2020	Washington
USA/WA-S35/2020	Washington
USA/WA-S36/2020	Washington
USA/WA-S37/2020	Washington
USA/WA-S38/2020	Washington
USA/WA-S39/2020	Washington
USA/WA-S4/2020	Washington
USA/WA-S40/2020	Washington
USA/WA-S41/2020	Washington
USA/WA-S42/2020	Washington
USA/WA-S43/2020	Washington
USA/WA-S44/2020	Washington
USA/WA-S45/2020	Washington
USA/WA-S46/2020	Washington
USA/WA-S47/2020	Washington
USA/WA-S48/2020	Washington
USA/WA-S49/2020	Washington
USA/WA-S5/2020	Washington
USA/WA-S50/2020	Washington
USA/WA-S51/2020	Washington
USA/WA-S52/2020	Washington
USA/WA-S53/2020	Washington
USA/WA-S54/2020	Washington
USA/WA-S55/2020	Washington
USA/WA-S56/2020	Washington
USA/WA-S57/2020	Washington
USA/WA-S58/2020	Washington
USA/WA-S59/2020	Washington
USA/WA-S6/2020	Washington
USA/WA-S60/2020	Washington
USA/WA-S61/2020	Washington
USA/WA-S62/2020	Washington
USA/WA-S63/2020	Washington
USA/WA-S64/2020	Washington
USA/WA-S65/2020	Washington
USA/WA-S66/2020	Washington
USA/WA-S67/2020	Washington
USA/WA-S68/2020	Washington
USA/WA-S69/2020	Washington
USA/WA-S7/2020	Washington
USA/WA-S70/2020	Washington
USA/WA-S71/2020	Washington
USA/WA-S72/2020	Washington
USA/WA-S73/2020	Washington
USA/WA-S74/2020	Washington
USA/WA-S75/2020	Washington
USA/WA-S76/2020	Washington
USA/WA-S77/2020	Washington
USA/WA-S78/2020	Washington
USA/WA-S79/2020	Washington
USA/WA-S8/2020	Washington
USA/WA-S80/2020	Washington
USA/WA-S81/2020	Washington
USA/WA-S82/2020	Washington
USA/WA-S83/2020	Washington
USA/WA-S84/2020	Washington
USA/WA-S85/2020	Washington
USA/WA-S86/2020	Washington
USA/WA-S87/2020	Washington
USA/WA-S88/2020	Washington
USA/WA-S89/2020	Washington
USA/WA-S9/2020	Washington
USA/WA-S90/2020	Washington
USA/WA-S91/2020	Washington
USA/WA-S92/2020	Washington
USA/WA-S93/2020	Washington
USA/WA-S94/2020	Washington
USA/WA-S95/2020	Washington
USA/WA-S96/2020	Washington
USA/WA-S97/2020	Washington
USA/WA-S98/2020	Washington
USA/WA-S99/2020	Washington
USA/WA-UW-1268/2020	Washington
USA/WA-UW-1269/2020	Washington
USA/WA-UW-1271/2020	Washington
USA/WA-UW-1279/2020	Washington
USA/WA-UW-1287/2020	Washington
USA/WA-UW-1294/2020	Washington
USA/WA-UW-1295/2020	Washington
USA/WA-UW-1296/2020	Washington
USA/WA-UW-1297/2020	Washington
USA/WA-UW-1300/2020	Washington
USA/WA-UW-1302/2020	Washington
USA/WA-UW-1304/2020	Washington
USA/WA-UW-1306/2020	Washington
USA/WA-UW-1308/2020	Washington
USA/WA-UW-1309/2020	Washington
USA/WA-UW-1314/2020	Washington
USA/WA-UW-1315/2020	Washington
USA/WA-UW-1319/2020	Washington
USA/WA-UW-1320/2020	Washington
USA/WA-UW-1321/2020	Washington
USA/WA-UW-1322/2020	Washington
USA/WA-UW-1327/2020	Washington
USA/WA-UW-1329/2020	Washington
USA/WA-UW-1334/2020	Washington
USA/WA-UW-1338/2020	Washington
USA/WA-UW-1341/2020	Washington
USA/WA-UW-1342/2020	Washington
USA/WA-UW-1346/2020	Washington
USA/WA-UW-1347/2020	Washington
USA/WA-UW-1349/2020	Washington
USA/WA-UW-1351/2020	Washington
USA/WA-UW-1353/2020	Washington
USA/WA-UW-1362/2020	Washington
USA/WA-UW-1415/2020	Washington
USA/WA-UW-1417/2020	Washington
USA/WA-UW-1420/2020	Washington
USA/WA-UW-1422/2020	Washington
USA/WA-UW-1425/2020	Washington
USA/WA-UW-1426/2020	Washington
USA/WA-UW-1427/2020	Washington
USA/WA-UW-1433/2020	Washington
USA/WA-UW-1435/2020	Washington
USA/WA-UW-1436/2020	Washington
USA/WA-UW-1440/2020	Washington
USA/WA-UW-1441/2020	Washington
USA/WA-UW-1446/2020	Washington
USA/WA-UW-1448/2020	Washington
USA/WA-UW-1465/2020	Washington
USA/WA-UW-1470/2020	Washington
USA/WA-UW-1471/2020	Washington
USA/WA-UW-1472/2020	Washington
USA/WA-UW-1473/2020	Washington
USA/WA-UW-1478/2020	Washington
USA/WA-UW-1538/2020	Washington
USA/WA-UW-1552/2020	Washington
USA/WA-UW-1561/2020	Washington
USA/WA-UW-1562/2020	Washington
USA/WA-UW-1567/2020	Washington
USA/WA-UW-1569/2020	Washington
USA/WA-UW-1570/2020	Washington
USA/WA-UW-1572/2020	Washington
USA/WA-UW-1574/2020	Washington
USA/WA-UW-1575/2020	Washington
USA/WA-UW-1576/2020	Washington
USA/WA-UW-1578/2020	Washington
USA/WA-UW-1581/2020	Washington
USA/WA-UW-1583/2020	Washington
USA/WA-UW-1586/2020	Washington
USA/WA-UW-1587/2020	Washington
USA/WA-UW-1588/2020	Washington
USA/WA-UW-1591/2020	Washington
USA/WA-UW-1593/2020	Washington
USA/WA-UW-1595/2020	Washington
USA/WA-UW-1599/2020	Washington
USA/WA-UW-1603/2020	Washington
USA/WA-UW-1608/2020	Washington
USA/WA-UW-1611/2020	Washington
USA/WA-UW-1616/2020	Washington
USA/WA-UW-1620/2020	Washington
USA/WA-UW-1638/2020	Washington
USA/WA-UW-1640/2020	Washington
USA/WA-UW-1644/2020	Washington
USA/WA-UW-1645/2020	Washington
USA/WA-UW-1646/2020	Washington
USA/WA-UW-1651/2020	Washington
USA/WA-UW-1652/2020	Washington
USA/WA-UW-1656/2020	Washington
USA/WA-UW-1659/2020	Washington
USA/WA-UW-1661/2020	Washington
USA/WA-UW-1666/2020	Washington
USA/WA-UW-1670/2020	Washington
USA/WA-UW-1672/2020	Washington
USA/WA-UW-1673/2020	Washington
USA/WA-UW-1675/2020	Washington
USA/WA-UW-1677/2020	Washington
USA/WA-UW-1680/2020	Washington
USA/WA-UW-1682/2020	Washington
USA/WA-UW-1683/2020	Washington
USA/WA-UW-1684/2020	Washington
USA/WA-UW-1688/2020	Washington
USA/WA-UW-1689/2020	Washington
USA/WA-UW-1690/2020	Washington
USA/WA-UW-1695/2020	Washington
USA/WA-UW-1697/2020	Washington
USA/WA-UW-1698/2020	Washington
USA/WA-UW-1700/2020	Washington
USA/WA-UW-1702/2020	Washington
USA/WA-UW-1705/2020	Washington
USA/WA-UW-1706/2020	Washington
USA/WA-UW-1707/2020	Washington
USA/WA-UW-1708/2020	Washington
USA/WA-UW-1709/2020	Washington
USA/WA-UW-1712/2020	Washington
USA/WA-UW-1715/2020	Washington
USA/WA-UW-1716/2020	Washington
USA/WA-UW-1718/2020	Washington
USA/WA-UW-1722/2020	Washington
USA/WA-UW-1723/2020	Washington
USA/WA-UW-1724/2020	Washington
USA/WA-UW-1726/2020	Washington
USA/WA-UW-1728/2020	Washington
USA/WA-UW-1729/2020	Washington
USA/WA-UW-1730/2020	Washington
USA/WA-UW-1731/2020	Washington
USA/WA-UW-1732/2020	Washington
USA/WA-UW-1733/2020	Washington
USA/WA-UW-1735/2020	Washington
USA/WA-UW-1739/2020	Washington
USA/WA-UW-1741/2020	Washington
USA/WA-UW-1744/2020	Washington
USA/WA-UW-1745/2020	Washington
USA/WA-UW-1748/2020	Washington
USA/WA-UW-1750/2020	Washington
USA/WA-UW-1753/2020	Washington
USA/WA-UW-1756/2020	Washington
USA/WA-UW-1758/2020	Washington
USA/WA-UW-1760/2020	Washington
USA/WA-UW-1762/2020	Washington
USA/WA-UW-1765/2020	Washington
USA/WA-UW-1770/2020	Washington
USA/WA-UW-1772/2020	Washington
USA/WA-UW-1774/2020	Washington
USA/WA-UW-1775/2020	Washington
USA/WA-UW-1778/2020	Washington
USA/WA-UW-1779/2020	Washington
USA/WA-UW-1782/2020	Washington
USA/WA-UW-1784/2020	Washington
USA/WA-UW-1785/2020	Washington
USA/WA-UW-1792/2020	Washington
USA/WA-UW-1796/2020	Washington
USA/WA-UW-1797/2020	Washington
USA/WA-UW-1799/2020	Washington
USA/WA-UW-1801/2020	Washington
USA/WA-UW-1805/2020	Washington
USA/WA-UW-1821/2020	Washington
USA/WA-UW-1822/2020	Washington
USA/WA-UW-1824/2020	Washington
USA/WA-UW-1825/2020	Washington
USA/WA-UW-1826/2020	Washington
USA/WA-UW-1827/2020	Washington
USA/WA-UW-1828/2020	Washington
USA/WA-UW-1831/2020	Washington
USA/WA-UW-1835/2020	Washington
USA/WA-UW-1840/2020	Washington
USA/WA-UW-1843/2020	Washington
USA/WA-UW-1846/2020	Washington
USA/WA-UW-1850/2020	Washington
USA/WA-UW-1853/2020	Washington
USA/WA-UW-1854/2020	Washington
USA/WA-UW-1855/2020	Washington
USA/WA-UW-1858/2020	Washington
USA/WA-UW-1860/2020	Washington
USA/WA-UW-1863/2020	Washington
USA/WA-UW-1864/2020	Washington
USA/WA-UW-1865/2020	Washington
USA/WA-UW-1866/2020	Washington
USA/WA-UW-1868/2020	Washington
USA/WA-UW-1870/2020	Washington
USA/WA-UW-1872/2020	Washington
USA/WA-UW-1874/2020	Washington
USA/WA-UW-1877/2020	Washington
USA/WA-UW-1878/2020	Washington
USA/WA-UW-1879/2020	Washington
USA/WA-UW-1880/2020	Washington
USA/WA-UW-1881/2020	Washington
USA/WA-UW-1888/2020	Washington
USA/WA-UW-1890/2020	Washington
USA/WA-UW-1904/2020	Washington
USA/WA-UW-1905/2020	Washington
USA/WA-UW-1907/2020	Washington
USA/WA-UW-1913/2020	Washington
USA/WA-UW-1917/2020	Washington
USA/WA-UW-1919/2020	Washington
USA/WA-UW-1920/2020	Washington
USA/WA-UW-1921/2020	Washington
USA/WA-UW-1928/2020	Washington
USA/WA-UW-1930/2020	Washington
USA/WA-UW-1944/2020	Washington
USA/WA-UW-1946/2020	Washington
USA/WA-UW-1947/2020	Washington
USA/WA-UW-1948/2020	Washington
USA/WA-UW-1954/2020	Washington
USA/WA-UW-1955/2020	Washington
USA/WA-UW-1956/2020	Washington
USA/WA-UW-1963/2020	Washington
USA/WA-UW-1965/2020	Washington
USA/WA-UW-1968/2020	Washington
USA/WA-UW-1977/2020	Washington
USA/WA-UW-1984/2020	Washington
USA/WA-UW-1986/2020	Washington
USA/WA-UW-1988/2020	Washington
USA/WA-UW-1994/2020	Washington
USA/WA-UW-1998/2020	Washington
USA/WA-UW-2006/2020	Washington
USA/WA-UW-2008/2020	Washington
USA/WA-UW-2009/2020	Washington
USA/WA-UW-2016/2020	Washington
USA/WA-UW-2072/2020	Washington
USA/WA-UW-2074/2020	Washington
USA/WA-UW-2078/2020	Washington
USA/WA-UW-2082/2020	Washington
USA/WA-UW-2087/2020	Washington
USA/WA-UW-2091/2020	Washington
USA/WA-UW-2094/2020	Washington
USA/WA-UW-2100/2020	Washington
USA/WA-UW-2104/2020	Washington
USA/WA-UW-2105/2020	Washington
USA/WA-UW-2108/2020	Washington
USA/WA-UW-2112/2020	Washington
USA/WA-UW-2119/2020	Washington
USA/WA-UW-2131/2020	Washington
USA/WA-UW-2132/2020	Washington
USA/WA-UW-2137/2020	Washington
USA/WA-UW-2140/2020	Washington
USA/WA-UW-2141/2020	Washington
USA/WA-UW-2142/2020	Washington
USA/WA-UW-2144/2020	Washington
USA/WA-UW-2145/2020	Washington
USA/WA-UW-2146/2020	Washington
USA/WA-UW-2149/2020	Washington
USA/WA-UW-2164/2020	Washington
USA/WA-UW-2169/2020	Washington
USA/WA-UW-2177/2020	Washington
USA/WA-UW-2179/2020	Washington
USA/WA-UW-2180/2020	Washington
USA/WA-UW-2181/2020	Washington
USA/WA-UW-2186/2020	Washington
USA/WA-UW-2192/2020	Washington
USA/WA-UW-2193/2020	Washington
USA/WA-UW-2203/2020	Washington
USA/WA-UW-2208/2020	Washington
USA/WA-UW-2212/2020	Washington
USA/WA-UW-2213/2020	Washington
USA/WA-UW-2214/2020	Washington
USA/WA-UW-2215/2020	Washington
USA/WA-UW-2218/2020	Washington
USA/WA-UW-2219/2020	Washington
USA/WA-UW-2228/2020	Washington
USA/WA-UW-2230/2020	Washington
USA/WA-UW-2232/2020	Washington
USA/WA-UW-2234/2020	Washington
USA/WA-UW-2235/2020	Washington
USA/WA-UW-2236/2020	Washington
USA/WA-UW-2238/2020	Washington
USA/WA-UW-2240/2020	Washington
USA/WA-UW-2244/2020	Washington
USA/WA-UW-2245/2020	Washington
USA/WA-UW-2247/2020	Washington
USA/WA-UW-2249/2020	Washington
USA/WA-UW-2250/2020	Washington
USA/WA-UW-2253/2020	Washington
USA/WA-UW-2258/2020	Washington
USA/WA-UW-3809/2020	Washington
USA/WA-UW-3810/2020	Washington
USA/WA-UW-3812/2020	Washington
USA/WA-UW-3814/2020	Washington
USA/WA-UW-3815/2020	Washington
USA/WA-UW-3816/2020	Washington
USA/WA-UW-3819/2020	Washington
USA/WA-UW-3826/2020	Washington
USA/WA-UW-3827/2020	Washington
USA/WA-UW-3828/2020	Washington
USA/WA-UW-3829/2020	Washington
USA/WA-UW-3832/2020	Washington
USA/WA-UW-3833/2020	Washington
USA/WA-UW-3834/2020	Washington
USA/WA-UW-3838/2020	Washington
USA/WA-UW-3839/2020	Washington
USA/WA-UW-3841/2020	Washington
USA/WA-UW-3843/2020	Washington
USA/WA-UW-3844/2020	Washington
USA/WA-UW-3850/2020	Washington
USA/WA-UW-3855/2020	Washington
USA/WA-UW-3858/2020	Washington
USA/WA-UW-3862/2020	Washington
USA/WA-UW-3868/2020	Washington
USA/WA-UW-3871/2020	Washington
USA/WA-UW-3880/2020	Washington
USA/WA-UW-3881/2020	Washington
USA/WA-UW-3883/2020	Washington
USA/WA-UW-3889/2020	Washington
USA/WA-UW-3895/2020	Washington
USA/WA-UW-3900/2020	Washington
USA/WA-UW-3903/2020	Washington
USA/WA-UW-3908/2020	Washington
USA/WA-UW-3911/2020	Washington
USA/WA-UW-3917/2020	Washington
USA/WA-UW-3918/2020	Washington
USA/WA-UW-3923/2020	Washington
USA/WA-UW-3932/2020	Washington
USA/WA-UW-3935/2020	Washington
USA/WA-UW-3939/2020	Washington
USA/WA-UW-3940/2020	Washington
USA/WA-UW-3941/2020	Washington
USA/WA-UW-3942/2020	Washington
USA/WA-UW-3946/2020	Washington
USA/WA-UW-3950/2020	Washington
USA/WA-UW-3954/2020	Washington
USA/WA-UW-3959/2020	Washington
USA/WA-UW-3963/2020	Washington
USA/WA-UW-3964/2020	Washington
USA/WA-UW-3969/2020	Washington
USA/WA-UW-3983/2020	Washington
USA/WA-UW-3984/2020	Washington
USA/WA-UW-3985/2020	Washington
USA/WA-UW-3986/2020	Washington
USA/WA-UW-3988/2020	Washington
USA/WA-UW-3989/2020	Washington
USA/WA-UW-3990/2020	Washington
USA/WA-UW-3992/2020	Washington
USA/WA-UW-3994/2020	Washington
USA/WA-UW-3996/2020	Washington
USA/WA-UW-3997/2020	Washington
USA/WA-UW-4035/2020	Washington
USA/WA-UW-4038/2020	Washington
USA/WA-UW-4039/2020	Washington
USA/WA-UW-4068/2020	Washington
USA/WA-UW-4082/2020	Washington
USA/WA-UW-4105/2020	Washington
USA/WA-UW-4109/2020	Washington
USA/WA-UW-4111/2020	Washington
USA/WA-UW-4118/2020	Washington
USA/WA-UW-4130/2020	Washington
USA/WA-UW-4180/2020	Washington
USA/WA-UW-4188/2020	Washington
USA/WA-UW-4197/2020	Washington
USA/WA-UW-4213/2020	Washington
USA/WA-UW-4217/2020	Washington
USA/WA-UW-4227/2020	Washington
USA/WA-UW-4228/2020	Washington
USA/WA-UW-4281/2020	Washington
USA/WA-UW-4289/2020	Washington
USA/WA-UW-4290/2020	Washington
USA/WA-UW-4291/2020	Washington
USA/WA-UW-4292/2020	Washington
USA/WA-UW-4315/2020	Washington
USA/WA-UW-4316/2020	Washington
USA/WA-UW-4318/2020	Washington
USA/WA-UW-4321/2020	Washington
USA/WA-UW-4322/2020	Washington
USA/WA-UW-4324/2020	Washington
USA/WA-UW-4326/2020	Washington
USA/WA-UW-4329/2020	Washington
USA/WA-UW-4330/2020	Washington
USA/WA-UW-4335/2020	Washington
USA/WA-UW-4337/2020	Washington
USA/WA-UW-4340/2020	Washington
USA/WA-UW-4370/2020	Washington
USA/WA-UW-4404/2020	Washington
USA/WA-UW-4406/2020	Washington
USA/WA-UW-4407/2020	Washington
USA/WA-UW-4499/2020	Washington
USA/WA-UW-4500/2020	Washington
USA/WA-UW100/2020	Washington
USA/WA-UW101/2020	Washington
USA/WA-UW102/2020	Washington
USA/WA-UW103/2020	Washington
USA/WA-UW104/2020	Washington
USA/WA-UW105/2020	Washington
USA/WA-UW106/2020	Washington
USA/WA-UW107/2020	Washington
USA/WA-UW108/2020	Washington
USA/WA-UW109/2020	Washington
USA/WA-UW110/2020	Washington
USA/WA-UW111/2020	Washington
USA/WA-UW112/2020	Washington
USA/WA-UW113/2020	Washington
USA/WA-UW114/2020	Washington
USA/WA-UW115/2020	Washington
USA/WA-UW116/2020	Washington
USA/WA-UW117/2020	Washington
USA/WA-UW118/2020	Washington
USA/WA-UW119/2020	Washington
USA/WA-UW120/2020	Washington
USA/WA-UW121/2020	Washington
USA/WA-UW122/2020	Washington
USA/WA-UW123/2020	Washington
USA/WA-UW124/2020	Washington
USA/WA-UW125/2020	Washington
USA/WA-UW126/2020	Washington
USA/WA-UW127/2020	Washington
USA/WA-UW128/2020	Washington
USA/WA-UW129/2020	Washington
USA/WA-UW130/2020	Washington
USA/WA-UW131/2020	Washington
USA/WA-UW132/2020	Washington
USA/WA-UW133/2020	Washington
USA/WA-UW134/2020	Washington
USA/WA-UW136/2020	Washington
USA/WA-UW137/2020	Washington
USA/WA-UW138/2020	Washington
USA/WA-UW139/2020	Washington
USA/WA-UW140/2020	Washington
USA/WA-UW141/2020	Washington
USA/WA-UW142/2020	Washington
USA/WA-UW143/2020	Washington
USA/WA-UW144/2020	Washington
USA/WA-UW145/2020	Washington
USA/WA-UW146/2020	Washington
USA/WA-UW147/2020	Washington
USA/WA-UW148/2020	Washington
USA/WA-UW149/2020	Washington
USA/WA-UW15/2020	Washington
USA/WA-UW150/2020	Washington
USA/WA-UW151/2020	Washington
USA/WA-UW152/2020	Washington
USA/WA-UW153/2020	Washington
USA/WA-UW154/2020	Washington
USA/WA-UW155/2020	Washington
USA/WA-UW156/2020	Washington
USA/WA-UW157/2020	Washington
USA/WA-UW16/2020	Washington
USA/WA-UW160/2020	Washington
USA/WA-UW161/2020	Washington
USA/WA-UW162/2020	Washington
USA/WA-UW163/2020	Washington
USA/WA-UW164/2020	Washington
USA/WA-UW165/2020	Washington
USA/WA-UW166/2020	Washington
USA/WA-UW167/2020	Washington
USA/WA-UW168/2020	Washington
USA/WA-UW169/2020	Washington
USA/WA-UW17/2020	Washington
USA/WA-UW170/2020	Washington
USA/WA-UW171/2020	Washington
USA/WA-UW172/2020	Washington
USA/WA-UW173/2020	Washington
USA/WA-UW174/2020	Washington
USA/WA-UW175/2020	Washington
USA/WA-UW176/2020	Washington
USA/WA-UW177/2020	Washington
USA/WA-UW178/2020	Washington
USA/WA-UW179/2020	Washington
USA/WA-UW18/2020	Washington
USA/WA-UW180/2020	Washington
USA/WA-UW181/2020	Washington
USA/WA-UW182/2020	Washington
USA/WA-UW183/2020	Washington
USA/WA-UW184/2020	Washington
USA/WA-UW185/2020	Washington
USA/WA-UW186/2020	Washington
USA/WA-UW187/2020	Washington
USA/WA-UW188/2020	Washington
USA/WA-UW189/2020	Washington
USA/WA-UW19/2020	Washington
USA/WA-UW190/2020	Washington
USA/WA-UW191/2020	Washington
USA/WA-UW192/2020	Washington
USA/WA-UW193/2020	Washington
USA/WA-UW194/2020	Washington
USA/WA-UW195/2020	Washington
USA/WA-UW196/2020	Washington
USA/WA-UW197/2020	Washington
USA/WA-UW198/2020	Washington
USA/WA-UW199/2020	Washington
USA/WA-UW20/2020	Washington
USA/WA-UW200/2020	Washington
USA/WA-UW201/2020	Washington
USA/WA-UW202/2020	Washington
USA/WA-UW203/2020	Washington
USA/WA-UW204/2020	Washington
USA/WA-UW205/2020	Washington
USA/WA-UW206/2020	Washington
USA/WA-UW207/2020	Washington
USA/WA-UW208/2020	Washington
USA/WA-UW209/2020	Washington
USA/WA-UW210/2020	Washington
USA/WA-UW211/2020	Washington
USA/WA-UW212/2020	Washington
USA/WA-UW214/2020	Washington
USA/WA-UW215/2020	Washington
USA/WA-UW216/2020	Washington
USA/WA-UW217/2020	Washington
USA/WA-UW218/2020	Washington
USA/WA-UW22/2020	Washington
USA/WA-UW220/2020	Washington
USA/WA-UW221/2020	Washington
USA/WA-UW222/2020	Washington
USA/WA-UW225/2020	Washington
USA/WA-UW226/2020	Washington
USA/WA-UW227/2020	Washington
USA/WA-UW228/2020	Washington
USA/WA-UW229/2020	Washington
USA/WA-UW23/2020	Washington
USA/WA-UW230/2020	Washington
USA/WA-UW231/2020	Washington
USA/WA-UW232/2020	Washington
USA/WA-UW233/2020	Washington
USA/WA-UW234/2020	Washington
USA/WA-UW235/2020	Washington
USA/WA-UW236/2020	Washington
USA/WA-UW237/2020	Washington
USA/WA-UW239/2020	Washington
USA/WA-UW24/2020	Washington
USA/WA-UW240/2020	Washington
USA/WA-UW241/2020	Washington
USA/WA-UW242/2020	Washington
USA/WA-UW244/2020	Washington
USA/WA-UW245/2020	Washington
USA/WA-UW246/2020	Washington
USA/WA-UW247/2020	Washington
USA/WA-UW248/2020	Washington
USA/WA-UW249/2020	Washington
USA/WA-UW25/2020	Washington
USA/WA-UW252/2020	Washington
USA/WA-UW253/2020	Washington
USA/WA-UW255/2020	Washington
USA/WA-UW26/2020	Washington
USA/WA-UW261/2020	Washington
USA/WA-UW262/2020	Washington
USA/WA-UW263/2020	Washington
USA/WA-UW265/2020	Washington
USA/WA-UW267/2020	Washington
USA/WA-UW268/2020	Washington
USA/WA-UW269/2020	Washington
USA/WA-UW27/2020	Washington
USA/WA-UW270/2020	Washington
USA/WA-UW277/2020	Washington
USA/WA-UW278/2020	Washington
USA/WA-UW279/2020	Washington
USA/WA-UW28/2020	Washington
USA/WA-UW280/2020	Washington
USA/WA-UW281/2020	Washington
USA/WA-UW282/2020	Washington
USA/WA-UW283/2020	Washington
USA/WA-UW284/2020	Washington
USA/WA-UW285/2020	Washington
USA/WA-UW286/2020	Washington
USA/WA-UW287/2020	Washington
USA/WA-UW288/2020	Washington
USA/WA-UW289/2020	Washington
USA/WA-UW29/2020	Washington
USA/WA-UW290/2020	Washington
USA/WA-UW291/2020	Washington
USA/WA-UW292/2020	Washington
USA/WA-UW293/2020	Washington
USA/WA-UW294/2020	Washington
USA/WA-UW295/2020	Washington
USA/WA-UW296/2020	Washington
USA/WA-UW297/2020	Washington
USA/WA-UW298/2020	Washington
USA/WA-UW299/2020	Washington
USA/WA-UW30/2020	Washington
USA/WA-UW300/2020	Washington
USA/WA-UW301/2020	Washington
USA/WA-UW302/2020	Washington
USA/WA-UW304/2020	Washington
USA/WA-UW305/2020	Washington
USA/WA-UW306/2020	Washington
USA/WA-UW307/2020	Washington
USA/WA-UW308/2020	Washington
USA/WA-UW309/2020	Washington
USA/WA-UW31/2020	Washington
USA/WA-UW310/2020	Washington
USA/WA-UW312/2020	Washington
USA/WA-UW313/2020	Washington
USA/WA-UW314/2020	Washington
USA/WA-UW315/2020	Washington
USA/WA-UW316/2020	Washington
USA/WA-UW317/2020	Washington
USA/WA-UW318/2020	Washington
USA/WA-UW319/2020	Washington
USA/WA-UW32/2020	Washington
USA/WA-UW320/2020	Washington
USA/WA-UW321/2020	Washington
USA/WA-UW322/2020	Washington
USA/WA-UW323/2020	Washington
USA/WA-UW324/2020	Washington
USA/WA-UW325/2020	Washington
USA/WA-UW33/2020	Washington
USA/WA-UW330/2020	Washington
USA/WA-UW332/2020	Washington
USA/WA-UW333/2020	Washington
USA/WA-UW336/2020	Washington
USA/WA-UW337/2020	Washington
USA/WA-UW338/2020	Washington
USA/WA-UW339/2020	Washington
USA/WA-UW34/2020	Washington
USA/WA-UW340/2020	Washington
USA/WA-UW341/2020	Washington
USA/WA-UW342/2020	Washington
USA/WA-UW343/2020	Washington
USA/WA-UW344/2020	Washington
USA/WA-UW345/2020	Washington
USA/WA-UW346/2020	Washington
USA/WA-UW347/2020	Washington
USA/WA-UW35/2020	Washington
USA/WA-UW355/2020	Washington
USA/WA-UW356/2020	Washington
USA/WA-UW357/2020	Washington
USA/WA-UW359/2020	Washington
USA/WA-UW36/2020	Washington
USA/WA-UW360/2020	Washington
USA/WA-UW361/2020	Washington
USA/WA-UW362/2020	Washington
USA/WA-UW363/2020	Washington
USA/WA-UW364/2020	Washington
USA/WA-UW365/2020	Washington
USA/WA-UW366/2020	Washington
USA/WA-UW367/2020	Washington
USA/WA-UW368/2020	Washington
USA/WA-UW369/2020	Washington
USA/WA-UW37/2020	Washington
USA/WA-UW370/2020	Washington
USA/WA-UW371/2020	Washington
USA/WA-UW372/2020	Washington
USA/WA-UW373/2020	Washington
USA/WA-UW375/2020	Washington
USA/WA-UW376/2020	Washington
USA/WA-UW378/2020	Washington
USA/WA-UW379/2020	Washington
USA/WA-UW38/2020	Washington
USA/WA-UW383/2020	Washington
USA/WA-UW384/2020	Washington
USA/WA-UW385/2020	Washington
USA/WA-UW386/2020	Washington
USA/WA-UW387/2020	Washington
USA/WA-UW388/2020	Washington
USA/WA-UW389/2020	Washington
USA/WA-UW39/2020	Washington
USA/WA-UW390/2020	Washington
USA/WA-UW40/2020	Washington
USA/WA-UW41/2020	Washington
USA/WA-UW43/2020	Washington
USA/WA-UW44/2020	Washington
USA/WA-UW45/2020	Washington
USA/WA-UW46/2020	Washington
USA/WA-UW48/2020	Washington
USA/WA-UW49/2020	Washington
USA/WA-UW50/2020	Washington
USA/WA-UW51/2020	Washington
USA/WA-UW52/2020	Washington
USA/WA-UW53/2020	Washington
USA/WA-UW54/2020	Washington
USA/WA-UW55/2020	Washington
USA/WA-UW56/2020	Washington
USA/WA-UW57/2020	Washington
USA/WA-UW58/2020	Washington
USA/WA-UW59/2020	Washington
USA/WA-UW60/2020	Washington
USA/WA-UW61/2020	Washington
USA/WA-UW62/2020	Washington
USA/WA-UW63/2020	Washington
USA/WA-UW64/2020	Washington
USA/WA-UW65/2020	Washington
USA/WA-UW66/2020	Washington
USA/WA-UW67/2020	Washington
USA/WA-UW68/2020	Washington
USA/WA-UW69/2020	Washington
USA/WA-UW70/2020	Washington
USA/WA-UW71/2020	Washington
USA/WA-UW72/2020	Washington
USA/WA-UW73/2020	Washington
USA/WA-UW74/2020	Washington
USA/WA-UW75/2020	Washington
USA/WA-UW76/2020	Washington
USA/WA-UW77/2020	Washington
USA/WA-UW78/2020	Washington
USA/WA-UW79/2020	Washington
USA/WA-UW80/2020	Washington
USA/WA-UW81/2020	Washington
USA/WA-UW82/2020	Washington
USA/WA-UW83/2020	Washington
USA/WA-UW84/2020	Washington
USA/WA-UW85/2020	Washington
USA/WA-UW86/2020	Washington
USA/WA-UW87/2020	Washington
USA/WA-UW88/2020	Washington
USA/WA-UW89/2020	Washington
USA/WA-UW90/2020	Washington
USA/WA-UW91/2020	Washington
USA/WA-UW92/2020	Washington
USA/WA-UW93/2020	Washington
USA/WA-UW94/2020	Washington
USA/WA-UW95/2020	Washington
USA/WA-UW96/2020	Washington
USA/WA-UW97/2020	Washington
USA/WA-UW98/2020	Washington
USA/WA-UW99/2020	Washington
USA/WA1-A12/2020	Washington
USA/WA1-F6/2020	Washington
USA/WA1/2020	Washington
USA/WA11-UW7/2020	Washington
USA/WA12-UW8/2020	Washington
USA/WA13-UW9/2020	Washington
USA/WA14-UW10/2020	Washington
USA/WA15-UW11/2020	Washington
USA/WA16-UW12/2020	Washington
USA/WA17-UW13/2020	Washington
USA/WA18-UW14/2020	Washington
USA/WA2/2020	Washington
USA/WA3-UW1/2020	Washington
USA/WA4-UW2/2020	Washington
USA/WA6-UW3/2020	Washington
USA/WA7-UW4/2020	Washington
USA/WA8-UW5/2020	Washington
USA/WA9-UW6/2020	Washington
USA/WA_0418/2020	Washington
USA/WA_0422/2020	Washington
USA/WA_0427/2020	Washington
USA/WA_0428/2020	Washington
USA/WA_0429/2020	Washington
USA/WA_0432/2020	Washington
USA/WA_0434/2020	Washington
USA/WA_0440/2020	Washington
USA/WA_0441/2020	Washington
USA/WA_0442/2020	Washington
USA/WA_0447/2020	Washington
USA/WA_0448/2020	Washington
USA/WA_0457/2020	Washington
USA/WA_0478/2020	Washington
USA/WA_0480/2020	Washington
USA/WA_0484/2020	Washington
USA/WA_0711/2020	Washington
USA/WA_0797/2020	Washington
USA/WA_5030/2020	Washington
USA/WI-02/2020	Wisconsin
USA/WI-03/2020	Wisconsin
USA/WI-04/2020	Wisconsin
USA/WI-05/2020	Wisconsin
USA/WI-06/2020	Wisconsin
USA/WI-07/2020	Wisconsin
USA/WI-08/2020	Wisconsin
USA/WI-09/2020	Wisconsin
USA/WI-10/2020	Wisconsin
USA/WI-100/2020	Wisconsin
USA/WI-101/2020	Wisconsin
USA/WI-102/2020	Wisconsin
USA/WI-103/2020	Wisconsin
USA/WI-104/2020	Wisconsin
USA/WI-105/2020	Wisconsin
USA/WI-106/2020	Wisconsin
USA/WI-107/2020	Wisconsin
USA/WI-108/2020	Wisconsin
USA/WI-109/2020	Wisconsin
USA/WI-11/2020	Wisconsin
USA/WI-110/2020	Wisconsin
USA/WI-111/2020	Wisconsin
USA/WI-112/2020	Wisconsin
USA/WI-113/2020	Wisconsin
USA/WI-114/2020	Wisconsin
USA/WI-115/2020	Wisconsin
USA/WI-116/2020	Wisconsin
USA/WI-117/2020	Wisconsin
USA/WI-118/2020	Wisconsin
USA/WI-119/2020	Wisconsin
USA/WI-12/2020	Wisconsin
USA/WI-120/2020	Wisconsin
USA/WI-121/2020	Wisconsin
USA/WI-122/2020	Wisconsin
USA/WI-123/2020	Wisconsin
USA/WI-124/2020	Wisconsin
USA/WI-125/2020	Wisconsin
USA/WI-126/2020	Wisconsin
USA/WI-127/2020	Wisconsin
USA/WI-128/2020	Wisconsin
USA/WI-129/2020	Wisconsin
USA/WI-13/2020	Wisconsin
USA/WI-130/2020	Wisconsin
USA/WI-131/2020	Wisconsin
USA/WI-132/2020	Wisconsin
USA/WI-133/2020	Wisconsin
USA/WI-134/2020	Wisconsin
USA/WI-135/2020	Wisconsin
USA/WI-136/2020	Wisconsin
USA/WI-137/2020	Wisconsin
USA/WI-138/2020	Wisconsin
USA/WI-139/2020	Wisconsin
USA/WI-14/2020	Wisconsin
USA/WI-140/2020	Wisconsin
USA/WI-141/2020	Wisconsin
USA/WI-142/2020	Wisconsin
USA/WI-143/2020	Wisconsin
USA/WI-144/2020	Wisconsin
USA/WI-145/2020	Wisconsin
USA/WI-146/2020	Wisconsin
USA/WI-147/2020	Wisconsin
USA/WI-148/2020	Wisconsin
USA/WI-149/2020	Wisconsin
USA/WI-15/2020	Wisconsin
USA/WI-150/2020	Wisconsin
USA/WI-151/2020	Wisconsin
USA/WI-152/2020	Wisconsin
USA/WI-153/2020	Wisconsin
USA/WI-154/2020	Wisconsin
USA/WI-155/2020	Wisconsin
USA/WI-16/2020	Wisconsin
USA/WI-17/2020	Wisconsin
USA/WI-18/2020	Wisconsin
USA/WI-19/2020	Wisconsin
USA/WI-21/2020	Wisconsin
USA/WI-22/2020	Wisconsin
USA/WI-23/2020	Wisconsin
USA/WI-24/2020	Wisconsin
USA/WI-25/2020	Wisconsin
USA/WI-26/2020	Wisconsin
USA/WI-27/2020	Wisconsin
USA/WI-28/2020	Wisconsin
USA/WI-29/2020	Wisconsin
USA/WI-30/2020	Wisconsin
USA/WI-31/2020	Wisconsin
USA/WI-32/2020	Wisconsin
USA/WI-33/2020	Wisconsin
USA/WI-34/2020	Wisconsin
USA/WI-35/2020	Wisconsin
USA/WI-36/2020	Wisconsin
USA/WI-37/2020	Wisconsin
USA/WI-38/2020	Wisconsin
USA/WI-39/2020	Wisconsin
USA/WI-40/2020	Wisconsin
USA/WI-41/2020	Wisconsin
USA/WI-42/2020	Wisconsin
USA/WI-43/2020	Wisconsin
USA/WI-44/2020	Wisconsin
USA/WI-45/2020	Wisconsin
USA/WI-46/2020	Wisconsin
USA/WI-47/2020	Wisconsin
USA/WI-48/2020	Wisconsin
USA/WI-49/2020	Wisconsin
USA/WI-50/2020	Wisconsin
USA/WI-51/2020	Wisconsin
USA/WI-52/2020	Wisconsin
USA/WI-53/2020	Wisconsin
USA/WI-54/2020	Wisconsin
USA/WI-55/2020	Wisconsin
USA/WI-56/2020	Wisconsin
USA/WI-57/2020	Wisconsin
USA/WI-58/2020	Wisconsin
USA/WI-59/2020	Wisconsin
USA/WI-60/2020	Wisconsin
USA/WI-61/2020	Wisconsin
USA/WI-62/2020	Wisconsin
USA/WI-63/2020	Wisconsin
USA/WI-64/2020	Wisconsin
USA/WI-65/2020	Wisconsin
USA/WI-66/2020	Wisconsin
USA/WI-67/2020	Wisconsin
USA/WI-68/2020	Wisconsin
USA/WI-69/2020	Wisconsin
USA/WI-70/2020	Wisconsin
USA/WI-71/2020	Wisconsin
USA/WI-72/2020	Wisconsin
USA/WI-73/2020	Wisconsin
USA/WI-74/2020	Wisconsin
USA/WI-75/2020	Wisconsin
USA/WI-76/2020	Wisconsin
USA/WI-77/2020	Wisconsin
USA/WI-78/2020	Wisconsin
USA/WI-79/2020	Wisconsin
USA/WI-80/2020	Wisconsin
USA/WI-81/2020	Wisconsin
USA/WI-82/2020	Wisconsin
USA/WI-83/2020	Wisconsin
USA/WI-84/2020	Wisconsin
USA/WI-85/2020	Wisconsin
USA/WI-86/2020	Wisconsin
USA/WI-87/2020	Wisconsin
USA/WI-88/2020	Wisconsin
USA/WI-89/2020	Wisconsin
USA/WI-90/2020	Wisconsin
USA/WI-91/2020	Wisconsin
USA/WI-92/2020	Wisconsin
USA/WI-93/2020	Wisconsin
USA/WI-94/2020	Wisconsin
USA/WI-95/2020	Wisconsin
USA/WI-96/2020	Wisconsin
USA/WI-97/2020	Wisconsin
USA/WI-98/2020	Wisconsin
USA/WI-99/2020	Wisconsin
USA/WI-GMF-00018/2020	Wisconsin
USA/WI-GMF-00049/2020	Wisconsin
USA/WI-GMF-00227/2020	Wisconsin
USA/WI-GMF-00228/2020	Wisconsin
USA/WI-GMF-00232/2020	Wisconsin
USA/WI-GMF-00237/2020	Wisconsin
USA/WI-GMF-00281/2020	Wisconsin
USA/WI-GMF-00384/2020	Wisconsin
USA/WI-GMF-00441/2020	Wisconsin
USA/WI-GMF-00466/2020	Wisconsin
USA/WI-GMF-00498/2020	Wisconsin
USA/WI-GMF-00557/2020	Wisconsin
USA/WI-GMF-00588/2020	Wisconsin
USA/WI-GMF-00707/2020	Wisconsin
USA/WI-GMF-00744/2020	Wisconsin
USA/WI-GMF-00921/2020	Wisconsin
USA/WI-GMF-00928/2020	Wisconsin
USA/WI-GMF-00986/2020	Wisconsin
USA/WI1/2020	Wisconsin
USA/WY-WYPHL001/2020	Wyoming
USA/WY-WYPHL003/2020	Wyoming
USA/WY-WYPHL004/2020	Wyoming
USA/WY-WYPHL005/2020	Wyoming
USA/WY-WYPHL006/2020	Wyoming
USA/WY-WYPHL007/2020	Wyoming
USA/WY-WYPHL008/2020	Wyoming
USA/WY-WYPHL009/2020	Wyoming
USA/WY-WYPHL010/2020	Wyoming
USA/WY-WYPHL011/2020	Wyoming
USA/WY-WYPHL012/2020	Wyoming
USA/WY-WYPHL014/2020	Wyoming
USA/WY-WYPHL015/2020	Wyoming
USA/WY-WYPHL018/2020	Wyoming
USA/WY-WYPHL019/2020	Wyoming
USA/WY-WYPHL020/2020	Wyoming
